url,text,classification,comments
https://www.facebook.com/kolkatapoliceforce/posts/pfbid02MmETswrLRUqhYSzK9Q8RtojDZiAFJ6pWZktLPUsrsgff2ucbNRGdfAsgL1z9BouUl,"আপডেট: ১৪ অগাস্ট রাতে আর.জি. কর হাসপাতালে হামলার ঘটনায় গ্রেফতারের সংখ্যা বেড়ে দাঁড়িয়েছে ৩০। আরও দুজনের শনাক্তকরণ হয়েছে আমাদের সোশ্যাল মিডিয়া পোস্টে আপনাদের সাহায্যের মাধ্যমে। আবারও একবার সহযোগিতার জন্য জানাই কৃতজ্ঞতা। 

Update: As of now, the number of arrests in relation to the vandalism at R.G. Kar Hospital on the night of August 14 stands at 30. Two more suspects have been identified by you from our social media posts. Thank you once again for your support.",Eligible,"['Great', 'দোষীদের উপযুক্ত আইনানুগ ব্যাবস্থা নেওয়া হোক।', 'Wah 4diner modhe egulo k dhore fellen great job...but asol gulo k kobe dhorben..??', 'আপনারা সত্যিই স্কটল্যান্ড- ইয়ার্ড,, কত্তো ভালো কাজ আপনাদের,, প্রনাম নেবেন,, আর ঠিক করেছেন ডার্বি বাতিল করে,, যে রাজ্যে প্রতি দিন খেলা হয় সেখানে নতুন করে ডার্বির কি দরকার,,,', 'Please 🙏 sir we want justice 🙏 please apnader kche binito anurodh ay case ta k chapa doar chesta korben na', 'Apnara ebar thamun to dada!!!! Onek hoyeche!!! Ebar bondho korun', 'Bah Bes Valo Kaj cholche, thik eivabe, sediner oi sob Rapist gulok torighori khuje dekhan dekhi, CBI todonto korche tate ki, Amader Police tader naam er morjada rakhuk seperately! \nKotha dilam, Noto mostoke pronam korbo! \n\n#justiceformoumita', 'এরা কোনো এক নেতা দাদার গুণধর ভাই ।\nখবরটা দিলাম এবার  সঠিক পদক্ষেপ নিয়ে মাইনেটা পাঠান ।', 'Eder noy! Tader dhorun jara main 😈', 'ঘটি বাঙাল এক হল, হওয়াই চটি পালিয়ে গেল....', 'কঠোর তম শাস্তি চাই ✌️', 'কলকাতায় ডার্বি ম্যাচের নিরাপত্তাটুকু আপনারা দিতে পারেন না, রাতদিন ফেসবুক করছেন। চমৎকার!😄', 'Bah.👏', 'Anar কি খবর', 'দুর্ভাগ্যজনক। Intelligence এর এতটাই অভাব যে কলকাতা পুলিশকে Social Media র সাহায্যে দুস্কৃতী সনাক্ত করতে হচ্ছে। তাও ধরা পড়ুক।', 'Biswas karun amar family te 2 jon Airforce Police e chilen , Kaka sashur ar Baro Vashur .\nAmar o Airforce ei biye. \nFamily te  Airforce & Army officer  vorti. \nReally Uniform er taka e eto high profile life maintain kori & proud feel kori. \nOnek IPS friends aache. \nE vabe kaaj hoea jantam na, sotti ki Police erom  ?? \nKhub kharap lagche dekhe.', 'কতজন তৃণমূলের, সেটাও জানিয়ে দিন প্লিজ', 'Hatts of Kolkata Police  🧡🤍💚', 'কতো কিছু বাতিল করবেন আপনারা... যারা টেবিলের তলায় লুকোয়... এতো ভয়!!!', 'ঋতুপর্ণা মিথ্যে শাঁখ বাজিয়ে কি ছিঁড়তে পারলেন। খুঁজে বের করুন', 'একি একজন বলছে সবই নাকি fake, তাহলে এগুলো কে ?', 'রচনা ব্যানার্জী মেকআপ করে কাঁদলেন কেনো এর জন্যে যারা দোষী খুঁজে বের করুন মার্ক করে। Kolkata Police', 'Toder lojja kore na naki ? Toder ma baba ki toder kono sikkha dei ni ? Fajlami hocche egulo ? Hate sob kota churi pore that r oi sommaniyo posak er jaigai saya blouse pore thak januyar er dol.', 'বড় মাথা টা কবে ধরা পড়বে? 🤔', 'Apnara egului parben😐r ki', 'ওমাগো আপনারা তো বিরাট তৎপর!???\nবলছি ওখানে যে একটা অ্যাটাক হতে পারে সেটা আপনারা আন্দাজ করতেই পারলেন না!??\nমানুষ আপনাদের বিশ্বাস করে না।', 'Already sent this as a gift wear it ….', 'আজকে সাধারণ মানুষের ওপর লাঠি চার্জ করছেন আর ওইদিন RGKAR এ লুকিয়ে পরলেন বাথরুমে? সত্যি সেলুকাস!কি বিচিত্র এই দেশ', 'কিভাবে শাক দিয়ে মাছ ঢাকতে হয় আপনারা তো বেশ ভালোই জানেন', 'বিশাল মহান কাজ করেছেন তো আপনারা দারুন, next আপনাদের বেতন তা বাড়ানোর জন্য আন্দোলন করবো এবার কেমন !\n\nকুকুর ধরা স্বভাব টা আর গেলো না 🤭😁\n#KolkataPolice Kolkata Police 🤬', 'যাকে ধরার তাকেই তো ধরতে পারেননি এখন তাহলে এগুলো কি লোক দেখানো ।', 'এই নাটক বন্ধ করুন। আবারও বলছি এদের সামাজিক পরিচয় ও রাজনৈতিক পরিচয় সামনে আনুন। মানুষের ধৈর্য্যের বাঁধ এবার ভেঙে পড়ছে।', 'FB tei besi active dakacche ajkal ...', 'Khub valo kotha dhora poreche, kintu erpor ki? Apnader mone hochche manus biswas korche apnara ai mormantic khuner against a kaj korchen? Amader biswas apnara proman lopat korchen eker por ek.. kichchu korben na apnara. Dhikkar apnader', 'Kolkata Police hizra tora. Amara onk bodro moto protibad korchi. Amader ovdhoro hote badho korben na. Tahole Apnader barir bou e der kache sadha than jabe bole rakhlam. Sudhure jan.Amara onk valo vabe bhodro vabe protibad korchi. Amon vabe protibad korle hobe na. Amader ke da boti ostro hate namte hobe protibad korte. Valo vabe justice paba jabe na. Amader nije der ke nije der hate law tule nite hobe', 'Chakri chere din......khomotar dalali korar theke pathar ba chagoler dalali korun...ote poisa besi', 'Arrest the mastermind if you have the guts!', 'Parar koyekta chengra mostan ke dhorle parlen na sedin.\nAbar nijeder police bolen??   Sediner natok amra sobai bujhte pere6i.\n\nI6a kore tader paliye jete sahajjo kora hoye6e.', 'নাগরিক সমাজের মিছিলে বাধা দিচ্ছেন কেন ?', 'দাদা আপনারা এত কিছু পারছেন আর ওই কটা ধর্ষক যারা হাতের মুঠোয় আছে হাসপাতালে আসা-যাওয়া করতো তাদেরকে ধরতে পারছেন না আমরা কি বোকা নাকি? কি মনে করেন আমাদের', 'J kota k dhorechen, sob kota k pitiye tader babar naam jene nin...r koto sekhabo?? Ebar salary tao public k die din...free te onek gayan dilam..', 'amio cp er greftar dabi korchi. amakeo ki deke pathaben kaka? 😄😄😄 ar mukh lokabar jayga nei ki ba korben putuler moot nacha chara. opodartho', 'Akta katha boli, manchi gaye desh sebar dress diyechen, desh seba korchen ki? Naki kichu particular lok er seba korchen', 'Party r neta der ask korun..onader kache, sob criminal der babar naam r thikana ache..sudhu apnarai janen na..', 'chete chete jiv ache na geche?', 'Oder chokh dgeke diye6en keno??\nKeno ei criminal gulor mukh aral kor6en??\n\nChhii chhiii,,, lojjaaa,,,', 'Jake dhorar dhorte pache na eder dhore post korche 🙏', 'আচ্ছা এদের গ্ৰেপ্তার করার পর কি হচ্ছে কি করে জানবো?', 'Good job', 'চেটে চটি ব্যানার্জির,\nবারোটা বাজিয়েছে এনার্জির!\nKolkata Police Mamata Banerjee']"
https://www.facebook.com/kolkatapoliceforce/posts/pfbid0JDhaukLefVak5Lgbi5bKNSEkLD3n8yZyTzJcq79uz4q9fR9epuDraKBaChoeYosDl,#RespectTheVictim #SayNoToRumors #SayNoToMisinformation #BreakTheChain,Not Eligible,[]
https://www.facebook.com/kolkatapoliceforce/videos/1222073972150064/,"Press Conference of Commissioner of Police, Kolkata  Shri Vineet Kumar Goyal",Not Eligible,[]
https://www.facebook.com/kolkatapoliceforce/posts/pfbid0YSZhEVrQe7QUKfMtB4V7sVzkTsRsss1WXkAunYsCDYShQD6DDoGK71fLHK7rAs3gl,"আপডেট: পরশু রাতে আর.জি. কর হাসপাতালে হামলার ঘটনায় গ্রেফতারের সংখ্যা বেড়ে আপাতত ২৫, যাদের মধ্যে আরও চারজনের শনাক্তকরণ হয়েছে আমাদের সোশ্যাল মিডিয়া পোস্টে আপনাদের সাহায্যের মাধ্যমে। বাকি হামলাকারীদের খোঁজ জারি রয়েছে। আরও একবার পাশে থাকার জন্য ধন্যবাদ। 

Update: As of now, we have made 25 arrests in relation to the vandalism at R.G. Kar Hospital on Wednesday night. Four more suspects were identified by netizens from our social media posts. The search for the remaining suspects is ongoing. Thank you once again for your support.",Eligible,"['সঞ্জয় কে ভালো করে প্রটেকশন দিন। তবেই তো দিদির অনুগামী হিসেবে দিদি আপনাদের মাইনে পত্র বাড়াবে।', 'Eder k CBI er hate tule din k pathiyechilo Jana jbe.apnara to choti chete chetei ses.\nKichu hobena apnader dara', 'Kindly nab the main think tank behind this attack on hospital.', 'Release their details and political affiliations!', 'Great ..ei Sokoler chorom sasti chai.. 👍🙏', 'Rapist gulo ke kobe dhora hobe? Naki didi oder protection dite boleche?', 'Ader vuler kono khoma jate na hoy jonogon chhere debena…ader kothin sastir video amra dekhte chai \nR asol aporadhider o', 'বাহ!  চবববিশ জনকে ধরে ফেলেছেন? \nপাবলিককে ধন্যবাদ দিচ্ছেন? \nতা বেশ।  এবার ওদের নাম পরিচয় এগুলো একটু জানাবেন না? \nপিছনে কারা আছে? \nমাথায় কাদের হাত? \nযে পাবলিক ধরে দিল, সে পাবলিকের এটুকু জানার অধিকার ও আছে,  তাই না?', 'সাধারণ মানুষ আপনাদের সাথে ততক্ষণ থাকবে যতক্ষণ আপনারা নিরপেক্ষ থাকবেন। বিশ্বাস ভাঙ্গতে থাকলে কিন্তু পরে আটকাতে পারবেন না।', 'Lovely . Emergency service destroy korar jonnye minimum 2 years prison e rakha uchit ..', 'হামলাকারীদের দৃষ্টান্ত মূলক কঠোর শাস্তির দরকার।তার সাথে সাথে যারা ঐ নিষ্পাপ মেয়েটাকে হত্যা করেছে অতি দ্রুত গ্রেফতার করে কঠোর থেকে কঠোর শাস্তির প্রয়োজন।প্রত্যেক মেয়ে তার বাবা মায়ের কাছে কলিজার টুকরো।অতি দ্রুত দোষীদের শাস্তি না হলে আমার মেয়ে ডাক্তার হওয়ার যে প্রস্তুতি নিচ্ছে তা হয়তো বন্ধ করতে বাধ্য হবো।ডাক্তার তৈরি করতে গিয়ে আমি মেয়েকে হারাতে পারবো না।', 'Arey sudhu dhorle hobe....kara pathiyechhilo seta to jigges korun..khali ekey dhorechhi okey dhorechhi...', 'জানতে চাই যে বাথরুম টা কেন ভাঙা পড়লো এতো তাড়াতাড়ি? আর করা ভাঙলো কিছু খোঁজ পাওয়া গেছে? #KolkataPolice', 'শাস্তি হবে তো? শাস্তি এর ছবি দেখতে চাই। মানুষের আস্থা বাড়ানোর দায়িত্ব পুলিশের। আপনারা নিশ্চয়ই আমাদের ভরসা দেবেন আশা করব।', 'এ বাবা, আজ কলকাতা হাইকোর্টের মাননীয় প্রধান বিচারপতি আমাদের গর্বের স্কটল্যান্ড ইয়ার্ডের সমতুল্য কলকাতা পুলিশকে কি হ্যাটা করলো মাইরি ❗\nটোটাল বেইজ্জতি  😥', 'মনা.…........... আ, ঘটি বেঁকিয়ে দেবো বুঝবা তখন ! 🤭🤣', 'Thank u Kolkata police', 'Choto gulo k pelen abr main matha der ber korun kaje debe', 'এদের কঠোর শাস্তি চাই এতো ক্ষয় ক্ষতি করার জন্য', 'R tar age je aro ekta ghotona ghoteche setar oporadhi gulo kobe dhora porbe?', 'ওষুধ পড়া কি শুরু হয়েছে?', 'Lojja howa ucit apnader', 'এটার সাথে প্রমাণ লোপাটের চেষ্টা করছে সেটা তো কোথায় বলছেন না ????', 'Ki valo kaj cholche... Prothome lok vara kore hamla korao... Tar por oder khuje anar acting chalao... Ei kore asol doshi dhama chapa pore jak.. Jonogon shanto hoe jabe.. Then kichu akta bole case bondho kore deoa jabe.. 😡😡', 'দোষীদের গ্রেফতার করার জন্য কলকাতা পুলিশকে ধন্যবাদ। এবার এদের পরিচয় প্রকাশ করুন। এরা কারা, কোন রাজনৈতিক দলের মদতপুষ্ট সেটা মানুষকে জানান।', 'আমরা জানতে চাই, যে মানুষ গুলো কে ধরা হয়েছে তাদের পরিচয় কি ? তাঁরা কেনো আর কার পরামর্শে এসে ছিলো? তাদের কি ধরনের শাস্তি দেওয়া হলো নাকি দাদা দিদি রা এসে জামিন করিয়ে নিয়ে গেছে , খুব জানতে ইচ্ছা করে। ভুল কিছু বলো থাকলে ক্ষমা করবেন 🙏।', 'এরা কারা ?? আপনারাতো বেস্ট টিম নাকি !! বুঝতে পারছেন না ?? কোথা থেকে কিভাবে হারিয়ে যাওয়া মোবাইল খুঁজে দিয়ে এত্ত এত্ত ছবি পোস্ট করেন আর আপনাদের নেটওয়ার্ক কি এতই খারাপ হয়ে গেছে যে এদের বার করতে পাবলিকের হেল্প চাইছেন ?? ইয়ে পাবলিক হ্যায় বাবু সব জানতে হ্যায় ।', 'কেউ নেই আপনাদের পাশে। কারোর ভরসা নেই আপনাদের ওপর।', 'Ei akaaj gulo Porey korben \nAgey KAAJ ta körün \nEirokom loom pens hooligans Shob Jaygay thakey \nEra chunoputi, tao social media r help laglo Eder dhortey \nChi chi keno apnader khochor gulo koi ????\nRaghav boyal der dhorun', 'অভিনন্দন জানাই দুষ্কৃতীদের গ্রেফতার করেছেন বলে।এবার bail না দিয়ে যথাযোগ্য শাস্তি দিন', 'আমরা দুষ্কৃতী ধরি আপনারা মায়না আর ঘুষ নিয়ে ভুঁড়ি বাড়ান।', 'Kolkata Police Please tell us the actions you are taking against these people!! As we are waiting to hear that only!! If possible please share some recordings with us on social media!! People will learn and hesitate to do going forward!!', 'এই তৎপরতার সঙ্গে রেপিস্ট ও ক্রিমিনাল গুলো যারা এই কেসে জড়িত তাদেরকে ধরুন!!!!', '21 July CCTV footage nin sir . Oder ke khuje paben ora TMC dalal', 'কত টাকার ক্ষতি হয়েছে সেই হিসাব নিন এবং যারা এই ভাঙচুর করলো তাদের কিডনী বেচে হোলেও ক্ষতিপূরণ আদায় করুন।', 'পিছনে দুটো দানা দিয়ে দেন বাপের জন্মে আর এই সব কেও করবেনা', 'নিজেদের লোকজন কে গরু ছাড়া করে এবার ধরে ধরে media তে এনে দেখাছে।\nকিসসু হবে না দাদা রা public কথা বলবে 😡😡😡', 'Apnara j dariye dariye dekhchilen puro ghatona tar update kakhon deben?', 'Amrai sob korchi,amrai ei doshi dr dhoriye dicchi, evidence khuje amra dicchi.... Tarporeu protection pai oi soitan gulo.. bah re bah KP... mayeder kol khali kore eder k jamai ador korche🙏🏽 shunlm principal arrested? Ta ki tar mukh theke amar meye chara kichu ber korte para gelo naki jamai ador hocche???', ""আগের পোস্ট 'নাটক' ছিল .. এটি 'অতি নাটক'"", 'Agey nijeder daito ta thik moto palon korun Jatey apnader proti respect ta harate na hoe...', 'সব জনগণই তো করছে আপনারা কি করবেন সেটা এবারে ভাবুন 🙂।\nঅনেক তো হলো এবারে একটু মনুষত্বের জন্য কাজ করুন', 'ধন্যবাদ । \nতবে এদের সহ সমস্ত দোষীদের গ্রেফতার চাই। \nআগিয়ে চল নিরঙ্কুশভাবে Kolkata Police ❣❣', 'Sorkari sompotti r khotir sob khorcha eder ebong eder bapar theke jeno oboshoi neoa hoy!', '500 taka jamin diye to dudin baade beriye jabe.. joto natok\n\neder ke joro korlo kara ?\nsame time e lathi niye kikore elo?\nkara direction dilo?\n\negulo dom thakle publish korun..', 'Ki din kal porlo 🥺', 'Besh valoi to script ta likhechhen', 'Se to na hoy bujhlam kintu ashol bichar er koto dur egolo??', 'মৃতা র গাড়ি কেন ভাঙচুর করা হলো? কারা করলো? এটাও কি পাবলিক বলে দিলে তবেই খুঁজবেন?', 'Natok']"
https://www.facebook.com/kolkatapoliceforce/posts/pfbid02miAePUa3RgJ2VAPqVcEaw4uSHGQUXnScX45pNqdG8nMBCaXue1fvK5M3cMas814Rl,"সন্ধান চাই: নীচের ছবিতে যাদের চেহারা চিহ্নিত করা হয়েছে তাদের সন্ধান জানা থাকলে অনুরোধ, জানান আমাদের, সরাসরি বা আপনার সংশ্লিষ্ট থানার মাধ্যমে।

Information wanted: Anyone who can help identify the individuals circled in red in the images below is requested to do so, either directly to us or through your local PS.",Eligible,"['এবার রাস্তা ঘাটে দেখলেই  বুড়ির  পা-চাটা বলবো ।।', 'প্রত্যেকদিন সকাল হলে নাটক শুরু করেন কেন একে খুঁজে দাও তাকে খুঁজে দাও করে ?', 'আপনাদের কাজটা ঠিক কি ?', 'Eder modhye kaukei to kichu korte dekha jacche na....eder niye korben ta ki?', 'এরা তো সব দাঁড়িয়ে দেখছে।\nএদের ধরতে চাইলে আগে নিজেদের পুলিস কর্মী গুলোকে ধরুন।\nযারা দাঁড়িয়ে দাঁড়িয়ে যায় দেখছিলো!\nচটিচাটা আর কাকে বলে!!🤭🤭', 'নিজেই জানি না কবে পুলিশের চাকরি পেলাম! এদিকে খুঁজে দেওয়ার রিকু আসছে।', 'সন্ধান চাই !!!! \nKolkata Police এর \nনির্ভীকতা \nসততা \nসাহসিকতা । \nদয়া করে এদের কে খুঁজে বার করুন ।🙏🏼', '🩴🩴 ei poriskar choti jora khuje peyechi. Eta jar taake ektu phiriye deben 😌🙏🏽', 'সিপিআইএম এর পার্টি অফিসে খুঁজে পাওয়া যাবে', 'কি অসাধারণ ছবি, দেখে মুগ্ধ হয়ে গেলাম।', 'কালীঘাটে গিয়ে খুঁজুন পাবেন,।।।', 'কালীঘাট অথবা তপসিয়া তৃণমূল ভবনে গিয়ে দেখতে পারেন।', 'এদের প্রত্যেককে কঠিন থেকে কঠিনতম শাস্তি দেন যাতে জীবনে আর কেউ না এমন  নক্কার জনক কাজ করতে পারে।', 'আপনারা বরং  AC চালিয়ে কম্বল চাপা দিয়ে ঘুমান। আর সাধারণ মানুষকে uniform টা দিয়ে দিন।', 'আমরা বিচার চাই আর এই সমস্ত ছবি দেখিয়ে শুধু শুধু সময় নষ্ট করবেন না পারলে আসল অপরাধীকে ধরুন🙏🏻', 'যারা ভিতরে ঢুকে ভাঙচুর করলো তাদের ছবি কেন দিচ্ছেন না,???  আমরা আপনাদের স্কটল্যান্ড এর সাথে তুলনা করি ভুলে যাবেন না. সাধারন মানুষ কিন্তু সব বুঝতে পারছে.', ""Enough of this drama. Better shut the department if you can't do anything."", 'সামান্য দুষ্কৃতি ধরার জন্য আপনাদের ফেসবুকে পোস্ট দিতে হয়। আর লোকজন আশা করে বসে আছে আপনারা হত্যাকারীদের শাস্তি দেবেন। হাস্যকর।', 'আপনারা নিজেদের হাসির পাত্র বানাচ্ছেন, ভবিষ্যতে পুলিসের চাকরি করতে লজ্জিত হবে', 'Amar ranna korar khunti ta ami ektu uchu shelf e tule rekhe dei..jate amar chotto chele ta nagal na pay..o roj sokale uthe oi khunti ta ke khoje khelbe bole..shelf er upor dekhte pay,kintu haat payna..tai roj sokale uthei amon bayna kore ..bechara..dekhte pacche kothay a6e jinista but dhorte par6ena..bayna to korbei 🤢', 'যাদের already arrest করেছেন তাদের বলুন এদের খোঁজ দিতে। তারা তো ভালো চিনবে নিজেদের ভাই বন্ধুকে।', 'এগুলো কি ধরনের ইয়ার্কি 🙄', 'Absolutely Ridiculous!\n\nIs this what the so-called ""world\'s best police force,"" as our chief minister likes to applaud, has come to? It\'s both laughable and infuriating that the Kolkata Police have resorted to such a cheap and politically motivated tactic. Instead of utilizing their so-called ""intelligence capabilities"" to identify the real culprits, they’ve chosen to round up random individuals from the crowd, possibly targeting those who were actually mobilizing the mass movement.\n\nThis whole charade of circling people in photos is nothing but a preplanned attempt to scapegoat innocent protesters or the ones who pose a real challenge to the powers that be. It’s absurd that a force with supposed expertise cannot gauge the situation on the ground and later identify the true offenders.\n\nI’m left speechless by this disgraceful and childish move by the Kolkata Police. Is this how low we’ve sunk, where law enforcement has become a tool for political witch hunts? The people deserve better, and this pathetic display only fuels the fire of injustice. Wake up, Kolkata Police—stop being puppets in a political game!', 'ভালো নাটক শুরু করেছে তো। নিজেদের ক্ষমতা নেই খোঁজার।  জনগনের নিজেদের আরো হাস্যকর করে তুলেছে', 'হ্যাঁ গা, আমরা তো ভুয়ো খবর ছড়াই। আমাদেরকেই সন্ধান করতে বলছেন?', 'Ashol aporadhider dhakchen keno? \nVitore jaea vangchur korlo tader chobi din...tara sobai tmc.', 'আপনাদের দ্বারা কিচ্ছু হবে না।। সাধারণ মানুষ কি ঠেকা নিয়ে রেখেছে খুঁজে বার করার? তাহলে আপনারা কী করবেন?', 'Aage je nirdosh chele guloke tule niye gyachen tader ke charun ebong khoma cha. Pore ei shob goyendagiri korun. Eta apnadee kaj khuje ber kora, taka paan sorkarer theke.', 'ঘটনা ঘটলো কবে আর বাবুদের ঘুম ভাঙলো আজ সকালে...! Sorry KP, আমরা কেও ঘরের খেয়ে আপনাদের সাহায্য করবো না! আপনাদের সাহায্য করা মানে মেয়েটির প্রতি আরো অন্যায় করা...! সঞ্জয় কে ১ দিনে ধরে ফেললেন, এদেরও পারবেন, চেষ্টা করুন!', 'সবাই একটু angry react দিন... Reach কমুক এই পেজের।', 'Ajke je rally ber hobe apnader tate to eder dekte paben nischoy\nTar por bolchen khoj dite???\nNice jokes s', 'রাস্তায় যারা দাঁড়িয়ে ছিল তাদের ছবি তো খালি দিচ্ছেন... আর যারা হাসপাতালের ভেতর ভাঙচুর করল তাদের ছবি কই? নাকি তাদের ধরা বারণ আছে?!!?', 'স্যালারি নেবেন আপনারা\nআর ছবির লোক খুঁজে দেবো আমরা?\nদারুণ ব্যাপার', 'kolkatay thaki aaj 15 years.lojja lagche aaj..kara amader rokkha korbe?apnara?akta somoy gorbo hoto.koto bhalo bondhu, police dada chilo,jara nisartho kaaj korto.aaj o kichu achen. nijeke aar surokkhito mone hochche na apnader bhorsay aar nishchinte thakte parchi na! Onyay je kore r onyay je soy doshta akirokom hoy!', 'Bhalo phone nei ekta? 🤦🏻\u200d♀️', 'Era jakhan hospital e dhukechilo takhan apnara ki korchilen?? Duty te thaka nurse der kache nijeder lokanor help chaichilen?', 'han eder sondan chai.. ar oporadhi gulo paliye gelo.. setar sondan chaichen na... kotodin loker tax e kheye chokh bondho kore bachben? lojja lage na?', 'আমাদেরই খুঁজতে  বলছেন? তখন আপনারা কি করবেন?', 'Amra khujle apnara ki thanay bose biri fukben naki', 'https://www.anandabazar.com/west-bengal/kolkata/live-updates-on-hearing-of-rg-kar-medical-college-and-hospital-incident-in-calcutta-high-court-dgtl/cid/1538685\n\nএরাও গুজব ছড়াচ্ছে', 'Lojja kore nah apnader bolun to....\n1k Jon o to apnader sport a nai...comment ta check korun...sob e dekhchen bolun Boba hoa gechen..apnader police 14th August sokal a j chele gulu k mereche,may Der gaa a haat diyeche tar footage kothai??nillojo behaya department apnader...Jake khojar take khujjen nah, bekar lok sob,sobar somai hoa geche jutor Mala porabar....toder somai ses ebaar...', 'Ha apnader kaaj amra kori.. R amader kaaj gulo ki apnara korben? \n\nKoto ta nirlojjo hote pare bhai? \n\nEke protection dite giye naki nijera protection cheyechen public r kache.. Abar naki vandalisers der dhore debe o public... \n\nTahole dada bolchi apnara apnader salary ta o public k e diye din... Amra apnader kaaj kore dicchi.. \n\n🙂', 'Chi r kato natok korben apnara \nAPNARA NATOK KORTE KORTE HAPAN NA ??\nAmra dekhte dekhte next episode ar apekhkha korchi', 'সিসি ক্যামেরা ধরে এগুতে হবে, ব্যক্তিকে চিহ্নিত করে টিম হয়ে কাজ করে যান, প্রয়োজনে ১০০/২০০/৩০০  এর বেশি ক্যামেরার ভিডিও এনালাইসিস', 'Kolkata Police er page e roj meme post hocche. Apnara ekhon savior theke entertainer e nijer ojantei convert hoye gechen.', 'Apnara pet mota kore bhuri bar kore bose thakun chair a', 'Vul val khobor chorachche KP, news channel bolche .', 'Ki gaja kheye duty korte asis naki re eta jodi amrai kori tora ki marate bose achis', 'নির্ভেজাল আনন্দ দিচ্ছেন আপনারা', 'E baba dhorte pare na....pare na....pare na 😂😂😂😂😂😂😂😂\nIntelligence fail  ?? \nEbar inam declare karun, eder khunje dile  ......k inam 😂😂\nDekhun era nijerai chole asbe police station e 😂😂😂😂\nPare na  ....e baba....']"
https://www.facebook.com/kolkatapoliceforce/posts/pfbid0sgh6vztCR4XTTmR3VJwL9fTcJemUjKvvtV33fWY4DvkF7VXKo6j3PmX9HdG7Du5rl,"পরশু রাতে আর.জি. কর হাসপাতালে হামলার ঘটনায় এখন পর্যন্ত ১৯ জনকে গ্রেফতার করেছি আমরা, যাদের মধ্যে পাঁচজনকে আমাদের সোশ্যাল মিডিয়া পোস্ট দেখে চিহ্নিত করেছেন আপনারা। বাকি হামলাকারীদের খোঁজও আমরা খুব দ্রুতই পাব বলে আমাদের বিশ্বাস। আরও একবার অনুরোধ, গতকালের পোস্ট থেকে আর কাউকে শনাক্ত করতে পারলে অনুগ্রহ করে জানান। পাশে থাকার জন্য, ভরসা রাখার জন্য ধন্যবাদ। 

We have made 19 arrests so far in relation to the vandalism at R.G. Kar Hospital on Wednesday night. Of the 19, five were identified by you from our social media posts. We assure we will arrest the remaining suspects very shortly too. Once again, if you recognise any of the suspects from our earlier posts, kindly inform us. Thank you for your support, and your trust.",Eligible,"['দেখবেন এদের থেকে বহুমূল্য যন্ত্রপাতির টাকা আপনার ও আমার সম্মান উশুল করে নেওয়া যায়।এগুলো ছিল আমাদের সাধারণ মানুষের টাকা, পরিশ্রম ও সম্মান।', 'কোন রঙের পতাকার বাহক, সেটা জানান , তবেই তো কে সত্যি কে মিথ্যা প্রমাণ হবে ।\nমানুষ কে বুঝতে সাহায্য করুন , আপনারা তো মানুষের সাহায্যর জন্যই আছেন', 'আরো আশাবাদী থাকছি, এটা জানতে পারবো কারা এরা?? কে এদের মাথা?? চরম শাস্তি আবেদন করি', 'কারা এই আন্দোলনকারী? এরা কাদের মদতপুষ্ট? জানান!', 'Ader chara jno na hoy ...bujtey parchen janata k khepeye tulchen sobai mile ki hoy abar sdhu wait korun', 'We are with you 👍', 'We all want to know who sent them. Please make that public if possible, before people start forwarding fake news!', 'ও আচ্ছা, সেই 7000 জনের মধ্যে 19 জন! অর্থাৎ আরো 6981 জন এখনও বাকি। চোখ রাখছি আপনাদের পেজে। এই গম্ভীর পরিস্থিতিতে ভালোই কমিক রিলিফ।', 'বহুমূল্যবান যে সমস্ত যন্ত্রপাতির টাকা এদের থেকে উশুল করা হোক ও দৃষ্টান্ত মুলক শাস্তি হোক।', 'যারা রাষ্ট্রীয় সম্পত্তি নষ্ট করে তারা দেশবিরোধী; রঙ না দেখে ন্যায় বিচার হোক।', 'চোখে কালো কাপড় দেওয়ায় কি দরকার ছিল', 'Aha raag korchhen kno sobai? Enara thik janen na, bujhte parchhen na tai to janogon er help chhaichhen. Apnara rest nin sir @KP', 'Sob kota abar baire beriye ashbe', 'ধন্যবাদ ❤️', 'Arrest তো করেছেন বুঝলাম...কিন্তু সত্যি টা জনসমক্ষে আনতে পারবেন যে এই দুষ্কৃতীরা কারা এবং কার নির্দেশে ওই রাতে R.G.Kar এ ভাঙচুর চালিয়েছে ?? উপর মহলের চাপে সত্যি টা তো আড়ালে ই থেকে যাবে...তাহলে আর কি লাভ হবে Arrest করে ?? আমরা কিন্তু সাধারণ মানুষ হলেও সব সত্যি টাই বুঝতে পারছি...😊 সেদিন পুলিশের নিস্ক্রিয় ভূমিকা ই প্রমাণ করে দিয়েছে যে এই ঘটনার পেছনে কারা আছে...😊 জনগণ বোকা নয় ... কারণ Kolkata Police এতোটাই দক্ষ(efficient)যে তাদের কাছে ওই ভাঙচুর ঠেকানো টা just a minute এর কাজ...এই বিশ্বাস ও আস্থা Kolkata Police এর ওপর আছে...but সেদিনের ঘটনায় এটাই মনে প্রশ্ন জাগছে যে কেনো Police কোনো action নিলো না হাসপাতাল ভাঙচুর করার আগে... চেষ্টা করলেই সেটা তারা পারতো...', 'Idurer gorto ta to apnader jana..amra r ki help krbo...apnara to sb janen', 'Next কোথায় attack করতে হবে জানিয়ে advance দিয়ে দেবেন আর একটা ক্লাস নিয়ে নেবেন 3rd floor আর তিন তলার difference টা বুঝিয়ে দেবেন😂😂', 'এরা কোন আন্দোলনকারী? এরাও কি রাত দখলে নেমেছিল? সারা রাজ্যে যারা আন্দোলন করেছে, তাঁদের আর এদের পাশাপাশি দাঁড় করালেই তফাৎ টা পা থেকে মাথা পর্যন্ত দেখলে এবং এরা মুখ খুললেই বোঝা যাবে।', 'এদের কঠিন থেকে কঠিনতম শাস্তি দেওয়া উচিত যাতে আর কেউ না এমন নক্কার জনক কাজ করতে পারে।', 'করা ডোজ চাই স্যার Kolkata Police 🙏🏼', 'Jokhon hamla chalachilo tokhon keno dhorte parlen na.tokhon to apnara samne uposthit chilen.hamla chalia somostho totho lopat kore diya bari paliya gelo r ekhon dhore ki hobe. Hamla korar Agee keno tader atkate parlen na ??? Tv te to dekhchilam oder voy apnarai palachilen. Ami Kolkata police k respect kortam kintu ja sob dekhchi tate to vorsa ta uthe jache. Amader kono bipod hole amra kar kache jabo kar kache sahajjo chaibo.', 'এরা কারা ? এদের কি কোন রাজনৈতিক রং আছে ? এরা কেন হামলা চালিয়েছে ? জানার ইচ্ছে প্রকাশ করলাম।', 'বাবাহ উদ্ধার করেছেন একবারে। এভাবে দোষী গুলো কে ধরলে আরও ভালো হতো। আর বিশ্বাস করুন আপনাদের উপর আমাদের জনতাদের কোনো ভরসা নেই আর, একটুও নেই। আপনারা সেটাই করবেন যেটা আপনাদের উপর মহল থেকে করতে বলবে। \nআর এই নিচে ফটো তে থাকা ছেলেটা কে ধরলেন না কেনো?? সে কোথায়??', 'যাদের গ্রেফতার করেছেন তাদের পরিচয় আর ব্যাকগ্রাউন্ড জানান পাবলিক পোস্ট করে', 'কে এই ব্যক্তি? সেদিনের ভাংচুরে ইনার কোনো ভূমিকা ছিল কিনা একটু দেখুন।।।', 'ভালো খুব ভালো কথা।। নোবেল prize দেওয়া হবে।।।। রেপষ্টি র খুনি রা ঘুরে বেড়াচ্ছে র এই সব করছে??? এর থেকে ভালো শাড়ী পরে বসে থাকনু।।।।', 'Mota taka jorimana jate hoi serokom arji janaben court a. R ki sasti pelo ei gondomurkher dol setao anugroho kore post korben.tahole jodi apnader proti  bhorsa ashe .', 'Abar chokh dhakar ki achhe.. ekhane meytar chobi viral hoye jachhe without any coverage. Sekhane eder moto kitder face e cover kano ? 😡', 'Mukh dheke chobi dilen keno bolunto? Aporadhi to, amader janar ba chenar adhikar acheto era kara. Ederto chere deben kichudin por, eder modhhe keu je amader ashe pashe ghurbe na tar guarantee ke debe? Amra chine rakhi eder. Eder mukh gulo prokashhe anun.', 'আপনাদের ভরসা, কিছু মনে করবেন না, আপনাদের চাকরির ব্যাপার সরকারের নির্দেশ অমান্য করার দুঃসাহস আপনাদের নেই। আপনাদের যথেষ্ট সম্মান করেই বলছি এই ন্যাকামো  মরা পোস্ট করে লোক হাসাবেন না, আমরা এটাও জানি ওপর মহলের  নির্দেশে আপনাদের এসব করতে হয় । আপনাদের বাড়িতেও ছেলে আছে মা আছে বোন আছে। আমাদের সাথে যদি এই ঘটনা ঘটতো কি করতেন। মানুষের পাশে দাঁড়ান। ক্রিমিনাল ধরুন পারলে কোমর ভেঙে দিন। এখনো বলছি আপনাদের স্যালুট করি। কারণ আপনারাই আমাদের ভরসা।', '❤🇮🇳🔱এদের থার্ড ডিগ্রী দিন। দেশের সম্পত্তি ভাংচুর করা, লক্ষ লক্ষ টাকার প্রাণদায়ী ওষুধপত্র নষ্ট করা এই আন্দোলন হতে পারে না; এ দেশদ্রোহীতার শামিল। থার্ড ডিগ্রী দিন সব বেড়োবে মুখ দিয়ে কোন লোডশেডিং নেতা পাঠিয়েছিল!!\n& ধর্ষকের ফাঁসী চাই✊\n#JusticeforMoumita\n#JusticeForRGkar', 'I strongly believe if Kolkata Police wants they can clean the city in no time. Request you to please do it, if not for anything else please do it for your children.', 'আমরা উদ্ধার হয়েছি। আপনারা সবটাই জানেন, ওইদিন রাতে কারা ভাঙচুর চালিয়েছে। পুলিশের না জানার কিছু নেই।', 'অভিনন্দন আপনাদের। \nএটাও বিশ্বাস করি যে আপনারা যদি চান তবে তিলোত্তমার খুনিদেরও কিন্তু ধরতে পারেন। এই সন্ত্রাসকারীদের যেমন যোগ্য শাস্তি হওয়া উচিৎ, তেমনই ওই মেয়েটিকে ওরকম নৃশংসভাবে খুন করলো যারা তাদেরও শাস্তি হওয়া জরুরি।', 'সব ঠিক আছে হামলা যারা করেছে ধরেছেন এর জন্য ধন্যবাদ কিন্তু যারা এই হামলার পরিস্থিতি তৈরি করেছে অর্থাৎ যারা এই রেপটা করেছে তাদের সবাইকে ধরুন এবং যাদের ধরেছেন তার রাজনৈতিক জীবন তুলে ধরুন', 'Joto Rogno.. Poschimbongo', 'এরা আবার বলছে -\nসবাই ক্যামেরাম্যান।\nযদি তাই হতো, \nতাহলে বচসা বা ভাঙচুর এর সময় দূরে সরে যেত -\nনিউজ মিডিয়ার প্রয়োজন কি তাহলে কমে গেলো?\nএরাই ভাইরাল হতে চায়?\n\nএদের মোবাইলে ক্যামেরাম্যান হওয়ার প্রমান দেখা হোক,\nঅবিলম্বে, বাকি গুন্ডাদের ধরে, ইমার্জেন্সি তে রাখা প্রয়োজনীয় নথি - রিকভারি করা হোক।', '1. Era kara taar details - jonogon k janano hok.\n2. Ei lori te kore ese vangchur er idea ta kar - jonogon k janano hok.\n3. Eder jonno poroborti ki sasti dharjo kora hocche - jonogon k janano hok.\n4. Evabe chokh kalo kore deoar ki drkr porlo - jonogon k janano hok.\n5. Eder full details - jonogon k janano hok.\n\nTobei bujhbo eisob informations and steps transparent 🙏\n\nChoto-balay guardian call hole aneker golpo sunechi j tara boka khaoar voye ma baba dada didi baniye niye jeto. 😶😶😶😶', 'Bolchi ajker Script ta k likhlo', 'বাহ এদের সনাক্ত করতে তো একদম সময় লাগলো না তাহলে সিসিটিভি তে সেদিন রাতের আসল অপরাধীদের দেখা সত্ত্বেও তাদের সনাক্ত করতে এত সময় লেগে যাচ্ছে আপনাদের।নাকি সেই বেলা চোখে ঠুলি পরে বসে থাকছেন।অনেক নাটক হয়েছে আর না হয় নাই বা করলেন এই প্রহসন।', 'ঘটনার মোর ঘোরানোর চেষ্টা।। ছি', 'Ato natok nite para jache na...', 'Mastermind ta ke chilo jante perechen nischoi ei 19 joner theke! Tahole sei mastermind er nam ta post e pelam na keno??', 'কোন কোম্পানির গাঁজা টানেন ? আপনারা ?', 'লোক দেখানো কাজ করে কী লাভ । আপনাদের বাড়ি তেও মেয়ে আছে একটু ভেবে দেকবেন', 'আপনারা নাটক চালিয়ে যান।ধরা পড়েছে তো কি হয়েছে? এমনিও এদের কোনো কাজ নেই। দু একদিন জেলে থাকবে।সেটা জানে।খাবার তো পাবে। এদের ওটাই অনেক।আর আসল পারিশ্রমিক তো আগেই পেয়েছে।', 'Gunda dhorar naam kore bhuleo jano innocent andolonkari der dhorte jaben na..14th August shahorer rup dekhe niyechhen to?\nAbar kintu sobai pothe namte prostut.', 'আপনারা নাকি সেদিন গাইনো ডিপার্টমেন্ট এর বাথরুমে লুকিয়ে ছিলেন??', 'Apnara jadi impartial kaj korten tahale eto kichu hotoina.', 'Ekhn ki apnarao fb te besi post krte somoy pachen dekhchi, fb active 🤣']"
https://www.facebook.com/kolkatapoliceforce/videos/847647207006906/,"পোস্টের সঙ্গে দেওয়া ভিডিওতে যে সব দুষ্কৃতিকে ব্যারিকেড আক্রমণ করতে দেখা যাচ্ছে, তাদের পরিচয় জানলে দয়া করে আমাদের সঙ্গে যোগাযোগ করুন।

We are sharing this video with you to ask for your help in identifying the miscreants seen attacking the barricades. Kindly reach out if you have information.

Video Courtesy : AAB TAK",Eligible,"['Arrest Minakshi Mukherjee…you’ll find all the culprits', 'সন্দ্বীপ ঘোষকে অ্যারেস্ট করুন\nদম আছে?', ""মৃতদেহ প্রথম কে দেখেছিল পরিচয় জানলে জানাবেন। কার নির্দেশে 'আত্মহত্যা' বলে প্রচার শুরু করেছিলেন জানাবেন। দুর্ঘটনার একই ফ্লোরে তড়িঘড়ি রাজমিস্ত্রির কাজের অনুমতি কে দিল জানাবেন।"", 'সব কটা SFI,DYFI সমর্থক', 'মিনিমাম লজ্জাটুকু নেই পুলিশের।', 'আপনাদেরকে যদি খুজে দিয়ে তাহলে তো আমাদের ট্যাক্সের আপনাদের বেতন দিয়ে কি লাভ?', 'তৃণমূলের পার্টি অফিসে যান', 'আপনাদের কাজ যদি আমরাই করবো তাহলে আপনাদের মাইনেটা আমাদের ট্যাক্সের টাকায় কেন হবে বলুন তো!!?', 'যারা কয়েকটা দুষ্কৃতী কে খুঁজতে ফেবু পোস্ট করেন তারা আবার এই ভয়ঙ্কর হত্যাকাণ্ডের অপরাধী কে কিভাবে খুঁজবে!!!! নাটক', 'কোথায় নেমেছেন আপনরা?? বাঁচতে পর পর ভিডিও পোস্ট করে যাচ্ছেন।।আর নাটক এর স্ক্রিপ্ট টা খুব দুর্বল হয়ে গেছে আপনাদের।।', 'সব আমরাই করবো আর আপনারা তৃণমূলের দালালি করে যান', 'ব্যারিকেড ভাংগা আর হাসপাতাল ভাংগা এক হল ?  ব্যারিকেড ভাংগার ছবিতে যাদের দেখা যাচ্ছে হাসপাতালে ভাঙচুর এর ছবিতে তারা কোথায় ?  প্রশাসন কেন প্রথম থেকে বিষয়টা ধামাচাপা দিতে চাইছে ? প্রশাসন বার বার এভাবে সমাজবিরোধীদের প্রশ্রয় দিয়েছে আর তার ফলেই সমাজবিরোধীদের সাহস বেড়ে গেছে। নিরপেক্ষভাবে কাজ করুন।', 'পুলিশদাদা কোন টেবিলের তলায় যেন ছিলেন আপনারা?', 'নিজেদের বেশি চালাক প্রমাণ করতে চাইছেন। এই রাজ্যের কোন দুষ্কৃতী কী করবে তার সব খবর আগাম আপনাদের কাছেই থাকে। আর ব্যারিকেড ঠেলা কোনদিন অপরাধ বলে গণ্য হলো? আসলে এই সব প্রোপাগান্ডা চালালে, কিছু প্রতিবাদী মানুষকে এই কাজের দোহাই দিয়ে ফাটক এ পুড়তে সুবিধা হবে, তাই না?\nএকটা কথা মনে রাখবেন - ""পাপ ছাড়েনা বাপকেও""\nনিজেদের কে কোথায় নামিয়েছেন, এই খবর টা দেখুন\nhttps://www.youtube.com/live/Ka9Fv7vtS7Q?si=y04rhn_N8nqNoGFd&sfnsn=wiwspwa', ""আর.জি.কর কান্ডে আপনাদের অকর্মন্যতার জন্য মহামান্য কলকাতা হাইকোর্ট সিবিআইকে দায়িত্ব দিয়েছে। আপনারা ওই 'দুষ্কৃতি'গুলোকে খুঁজে না পেলে সিবিআইকেই বলুন, সিবিআই ঠিক খুঁজে এনে দেবে।"", 'আপনাদের স্যালারি টাও তাহলে আমাদের দিয়ে দিন। আপনাদের কাজগুলো আমরাই করে দেবো এবার থেকে।', 'Dear KP আমার একটা দুধেল গাই হারিয়েছে প্লিজ খুঁজে দিন....', 'আপনাদের মাইনে টাও আমাদের দিয়ে দিন', 'এই যে এটা পরেই খুঁজতে বেরোচ্ছি।একটু দাঁড়ান🙏🏻', 'এত সংখ্যক লোক, এত বড়ো হামলা করে চলে গেল একজনকেও হাতেনাতে ধরা সম্ভব হল না! আর ছবি গোল করছেন প্রত\u200d্যেক গ্রামে, মহল্লার দু-তিনজন করে সিভিক আছে তারা তো চিনতে পারবে সহজেই। ব\u200d্যাপারটা বুঝতে পারছি না। যত সম্ভব তাড়াতাড়ি তাদের ধরুন তবেই কোন রাজনৈতিক দলের মদত আছে আমরা বুঝতে পারব।', 'আমরা চিনিয়ে দেব আর আপনারা ওদের পালতে দিতে সাহায্য করবেন, বলবেন পালা পালা সবাই চিনে ফেলেছে', 'অত্যন্ত সস্তা চিত্রনাট্য', 'কাল শুনলাম রোগীর কম্বলের তলায় ছিলেন, আজ দেখলাম রোয়াব। আপনাদের পক্ষেই সম্ভব।', 'নাটকের একটা  লিমিট থাকা উচিত\nপশ্চিমবঙ্গ রাজ্যের জনগণ কে আর কত বোকা বানাবেন', ""এই ভিডিওর ঘটনার পেছনে পুলিশের ভূমিকা অনস্বীকার্য। যদি ব্যারিকেড ভাঙ্গার হতো তাহলে ব্যারিকেড রোখার ক্ষমতা ঐ ক'জন পুলিশের ছিল না বা পুলিশের কথায় তারা সরে আসতো না। ভিডিও সেটাই প্রমাণ করছে।\n\nপ্রশ্ন ছিল পুলিশের সামনে দিয়ে কী করে তৃণমূলের প্রমাণ লোপাট বাহিনী ভেতরে ঢুকলো? সেই প্রশ্নের উত্তর কি দিতে পেরেছেন? আপনাদের মদতে জরুরি বিভাগ ভেঙ্গে শ্মশান করে দেওয়া একজনকেও বাধা দিয়েছেন? দেননি। কেন দেননি? কেন টিয়ার গ্যাস ছুঁড়ে বাইরেটা খালি করে ভেতরের তাণ্ডবকারীদের অবাধে কয়েক ঘন্টা ধরে প্রমাণ লোপাট করার সুযোগ দিলেন?"", 'ব্যারিকেড ভাঙা আর হাসপাতাল ভাঙার মধ্যে আকাশ পাতাল পার্থক্য আছে, ব্যারিকেড আগেও ভেঙেছে কিন্তু মহাকরণ থুরি হাসপাতাল  ভাঙা আর ব্যারিকেড ভাঙা আলাদা, লোকে জানে', 'এত সিভিক নিয়েছেন, তাদের দিয়ে খোজেন', 'কি লেভেলের দুর্বল স্ক্রিপ্ট !', 'পোষ্য আপনারা.... আপনারা নাকি scotland yard.!  ছিচকে চোর, ট্রাফিক লাইট case, meme share করা পাবলিক ছাড়া তো কিছু সেরকম ধরতে দেখিনি লাস্ট 15 বছরএ... public harassment ছাড়া কিছু এক্সপেক্ট করি না আর আপনাদের থেকে।', 'দফা এক দাবি এক মুখ্যমন্ত্রীর পদত্যাগ।#resignmamata', 'Arrest Sandip Ghosh and give him 3rd degree', 'Arrest Sandip Ghosh! Arrest the other culprits! Jodi koren, apnader shob mithhey mene nebo.', 'Kal raate ki korchilen apnara, tokhon badha na diye palalen keno....', 'Sob amrai korbo. R apnara washroom e dhuke bose thakben', 'Nekamo kno korchen apnara', 'আর আপনারা বসে বসে ছিঁড়ুন।', 'কতটা গাধা আর ন্যাকা ভাবছেন মানুষকে? আর ব্যারিকেড ভাঙার ছবি আগে দেখেননি আপনারা? তার পর কী হল? ভিতরে কারা ঢুকল? মঞ্চে দাপিয়ে বেড়াল কোন লুম্পেনগুলো? দিন, সেই ভিডিওগুলোয় চিহ্নিত করুন!', 'ইতিহাসে প্রথম কোলকাতায় উত্তপ্ত জনতা ব্যারিকেড ভাঙার চেষ্টা করছে তাই না? আজ জনতাকে ক্ষেপিয়েছেন তো আপনারাই। আর জি কর কান্ডের মাথাগুলোকে গ্রেপ্তার করলে মানুষ আপনাদের বাহবাই দিতো। কাল গুন্ডাদের আর জি কর ভাঙতে দিলেন কেন? আমরাই যদি গুন্ডা ধরে আপনাদের জানাই তাহলে আপনারা কী করতে আছেন?', 'টাকা দিয়ে কি রেপিস্ট দের পোষার জন্য মাইনে পাস? তোদের মাথা তো জানে কারা এই ঘটনায় জড়িত, তাদের আগে ধর', 'আচ্ছা। তবে আপনাদের মাইনের অর্ধেক আমাদের দিন। তদন্তও আমরাই করি। \nআপনারা ডাক্তার পেটানো আর প্রমাণ লোপাট এর মতন গুরুত্বপূর্ণ কাজে আরো মন দিতে পারবেন সেক্ষেত্রে', 'কাল কোথায় ছিলেন আপনারা যখন গুন্ডারা অ্যাটাক করেছিল? তখন লুকিয়ে ছিলেন কেন? এখন আন্দোলনকারীদের দুষ্কৃতী প্রমাণ করতে উঠে পরে লেগেছে। কলকাতা পুলিশের পেজ থেকে একজন ইন্টার্ন ডাক্তারকে হুলিগান বলে দাগিয়ে লুক আউট জারি হল কেন? নিজেদের ক্রমাগত হাস্যকর করে তুলছেন। \n\nপুলিশমন্ত্রী গদি ছাড়ো\nতৃণমূলের ঝাণ্ডা ধরো', 'অভিনয়টা ঠিক হচ্ছে না স্যার। আপনাদেরই পোষ্ট করা ভিডিও তে এটা একদম স্পস্ট করে বোঝা যাচ্ছে সামনের গুটি কয়েক লোক ব্যারিকেট নিয়ে গুতো গুতি করছে। আর পেছনের আন্দোলনকারীরা খুব শান্ত হ্য় দাঁড়িয়ে আছেন। আপনাদের ভাড়া করা গুন্ডা থুরি অভিনেতারদের আরেকটু ভালো করে শিখিয়ে পরিয়ে নেওয়া উচিত ছিলো।', 'ব্যারিকেড ভাঙ্গলেই দুস্কৃতি!! বাড়িতে আয়নায় মুখ দেখেন আপনারা?', 'Lojja kore na? Chokh er saamnei toh barricades bhangche! Abar jigesh korche! Nurse der pechone lukiye chilo ei police force ta! Chi.. t\n\nThrow that uniform and collect your daily quota of coins from Kalighat!', 'তাহলে আপনাদের এতো টাকা দিয়ে পোষা হয়েছে কেন???\nশুধু ছাত্র আন্দোলনে লাঠিচার্জ করতে????', 'DYFI er gunda Jadavpur University presidency University te khujun peye jaben', 'আপনাদের বেতনটা পাবলিক কে দিয়ে দিন আর আপনারা শাড়ি চুড়ি পরে রুমে ঘুমান!', 'কেনো আসব পোস্ট করে নিজেদের হাসির পাত্র করছেন। চাটন খেতে পোস্ট করছে এসব', 'Kolkatar proclaimed world class police seems so helpless. Kal live dekhlam kmn tara doura douri kore chute palalo. \n3rd class durniti grosto osobbho ghuskhor police jara systematically corrupt system a corruption korar license niye nemeche.\n3rd class okormo batelabaj police.. chiii..', 'Police tumi urdhi charo, trinimuler jhanda dhro.']"
https://www.facebook.com/kolkatapoliceforce/videos/1227397081791798/,Observance of Independence day at Red Road.,Not Eligible,[]
https://www.facebook.com/kolkatapoliceforce/posts/pfbid0mtynkmBtmXPGWYqZYRjefxaJNzDTcL22VuNixQ9abD4dPse9QBBS2jsgVuc2nsCal,"সন্ধান চাই: নীচের ছবিতে যাদের চেহারা চিহ্নিত করা হয়েছে তাদের সন্ধান জানা থাকলে অনুরোধ, জানান আমাদের, সরাসরি বা আপনার সংশ্লিষ্ট থানার মাধ্যমে।

Information wanted: Anyone who can help identify the individuals circled in red in the images below is requested to do so, either directly to us or through your local PS.",Eligible,"['নাটকের ট্রায়াল মার্কা পোস্টটা কিন্তু দারুন ছিল, বলছি কি নাটকটা কবে মঞ্চস্থ হবে?', 'ঠিক এই ভাবে দোষী দের খুঁজে বার করুন 🙏', 'কী নাটক সত্যি😅', 'আমরা সন্ধান করব? তাহলে আপনারা আছেন কি করতে?? আশ্চর্য! এটা তো আপনাদের কাজ। আর আপনারা সব জানেন। সত্যি টা সামনে আনুন অবিলম্বে।', 'আপনাদের নিজেদের পরিজন তো | আয়নাতে একবার দাঁড়িয়ে দেখবেন স্পষ্ট মুখগুলো দেখতে পারবেন |', 'Thank you KP .. অভিনেতারা না এগিয়ে আসায় আপনারা যেভাবে সেই সার্ভিস দিয়ে আমাদের এন্টারটেইন করছেন 🙏 আমরা কোনোদিনও ভুলবো না!', 'একটু চেষ্টা করলে এভাবে ধর্ষক দেরকেও চিহ্নিত করা যাবে ...', 'Sob sadharon manush i koruk! R apnara dhil churun r status din!', 'আপনারাই যদি সোশ্যাল মিডিয়ায় সন্ধান চাই বলেন তাহলে আমরা কোথায় পোস্ট করব', 'কমেন্ট বক্স ওপেন আছে এখনো?', 'সঠিক বিচার চাই', 'Apnara khuje ber korun....', 'We, the people of Bengal have lost faith in Kolkata Police. This post has re-established that loss of credibility even more.', 'নিরপেক্ষ হয়ে মাঠে নামুন। আপনারা রাষ্ট্র ও রাজ্যের সম্পদ, কোনো রাজনৈতিক দলের নয়। সাধারণ মানুষ কিন্তু খুবই বিরক্ত হয়ে আছে আপনাদের উপর। অপরাধী কে বের করুন। Cbi কে সম্পূর্ণ ভাবে সাহায্য আশা করছি।', 'Mone hoy border cross kore dhukechilo.. abar border cross kore palieache ... Ota ekhon eto easy .. mosha machi ra dhunor gondher chote voy pay .. ar era to 😂😂', 'Sondhan chai kal je officer der samne bhangchur holo, Jara plan kore mukh lukiye palalo', ""কাল হামলা চলাকালীন যদি একটু চেপে ধরতেন তাহলে আজকে 'সন্ধান চাই' বলে এত কষ্ট করতে হত না!!"", 'তৃণমূলের পার্টি অফিসে খুঁজুন।', 'এদের হেফাজতে নিয়ে এরা কোন দলের কোন উদ্দেশ্যে ভাঙচুর করেছে তা প্রকাশ্যে আনা হোক', 'Apnara ki korte achen/chilen', 'keno amra khujbo? apnader tobe kaj ki thaklo...sudhui chata ...?', 'স্থানীয় ক্লাবগুলোতে খোঁজ নিন', 'Apnara ki amader sathe jokes korchen \nKal apnader officer der samne vangchur korlo \nTokon dhorlo na\nAkon khujchhen???🥺🥺', 'কালীঘাটে গিয়ে খুঁজুন পেয়ে যাবেন', 'Kal jokhon samne chilo ki korchilen?', 'CCTV gulo akhon kaj korche?', 'Apnara kichu natok o paren sotti 😂😂😂 kal 30 min sob chup kore dekhlen ekhon khujte esechhen . Bhalo training hoychhe apnader.good job', 'Thik ei jinis tai chai... Arrest kore dekhan to dekhi', 'Ei natok ta ektu beshi hoye gyalo na Sir?', 'আপনারা সন্ধান চান\nআমরা জবাব চাইব। \nকালকের ওই নারকীয় পরিস্থিতি কেন তৈরি হল?', 'TMC te khujun. Dom ache?', 'তৃনমূল পার্টি অফিস গুলোতে গিয়ে খুঁজুন, ঠিক সন্ধান পেয়ে যাবেন।', ""Arrest everyone immediately, regardless of their political affiliation. It's the police's duty to ensure the safety of the hospital, especially when there was protest going on outside hospital peacefully. Some gunda's came and destroyed everything is what seems suspicious...\n\nRemember it's police's failure to protect the hospital from those gundas."", 'How helpless you r ... মরণ!', 'নাটক টা ভালোই প্রতিস্থাপন করেছেন আপনাদের মালকিন! এখন যুধিষ্ঠির সাজা হচ্ছে.. রাঘব বোয়ালদের আড়াল করতে আইন ব্যবস্থাকে আর কতটা নিচে নামাবেন! আগামী প্রজন্ম ক্ষমা করবে তো!', 'নাটক কম করো পিও', 'Kal okhane j Police gulo chilo... Tara ki sufficient chilo na! \nTader modhey keu kono clue dite parche na! \nPolice naki foolish..! \n\nTao valo ei chinhitokaron a samay diyechen, na hole prothom dekhatei j vabe suicide bole diyechilen.. Ami vablam kaaj er r iche nei.. Helmet na porleo r dhorben na.', 'আপনারা গায়েব করে দেন নি তো??', 'Kolkata Police নিজেদেরকে কোথায় নামিয়েছে। সাবধান হোন এখনো। মানুষের মধ্যে ক্ষোভ জমছে। আগামী দিনে আপনাদের পোশাকটা দেখলেই জনগণ তাড়া করবে #বাংলাদেশের মতো।', 'আপনারা কোথায় ছিলেন কাল???? এখন আপনাদের কাজ জনগণ করবে কেন?', 'ভোটের সময় , বুথে লাগানো CCTV চেক করুন খুঁজে পেয়ে যাবেন - কোন বুথ , কোন ওয়ার্ড , কোন বিধানসভা ,কোন লোকসভা।কারন ভোটের সময় এরাই বুথ দখল করে।', 'পুলিশের কাজ ছেড়ে দিয়ে বাংলা সিরিয়ালের স্ক্রিপ্ট লিখুন। তাতে সবার ভালো হবে। আপনাদের কাছে ছবি আছে অথচ তাদের খুঁজে পাচ্ছেন না... তাও আবার  এতজনের মধ্যে একজনকেও না???? কি ভাবেন সাধারণ মানুষকে?? কতটা বোকা আমরা??', 'মানুষ এই সব সস্তার নাটক বোঝে। Focus সরানোর চেষ্টা।', 'আশা করছি এই ভাবে সার্কেল করে করে ধর্ষক দেরও চিহ্নিত করতে পারবেন', '‘দিদিকে বলো’ তে ফোন করে খুঁজুন।', 'Sorry to say,  dekha matroi hasi peye gelo 😁', 'কেন কাল খুঁজে পাননি? party office এ গিয়ে খুজুন ঠিক পাবেন', 'দিদিকে বলো', 'আপনারা কাজ থেকে ইস্তফা দিন, ঘুষ নেওয়া ছাড়া আর তো কিছু পারেন না... ওই আপনাদের কাজ গুলো আমাদের দিন দোষী সামনে চলে আসবে...\nঘুমাচ্ছিলেন? আক্রমণ সময়ে?', 'Bhai natok hocche! Nijera okkhom tai ekhn manusher kache help chaichen. Sob e planned chilo tahole ei natok keno! Dhore pitiye marun nahole nijeder resignation gulo joma korun.']"
https://www.facebook.com/kolkatapoliceforce/posts/pfbid031jM2Bmy1uYZntcqvRbgvZDcKHzyXBwyLgd4f7woX4PBVJfPnc86W2b1a9odtPkL8l,,Not Eligible,[]
https://www.facebook.com/kolkatapoliceforce/posts/pfbid02ejm9rznbg5XPw94eZiH4EXj6udrZCbBbvAXBHk4PqzF9GVM65xYSgXFBiXWZRowdl,"গত রাতে আর.জি. কর হাসপাতালে হানা দিয়ে আন্দোলনরত ডাক্তার ও ডাক্তারি ছাত্রছাত্রীদের উপর হামলা চালায় পাঁচ থেকে সাত হাজার জনের একটি বাহিনী,  হাসপাতালের একাংশে ভাঙচুর করে তারা।

আমরা গর্বিত ডিসি (নর্থ) সহ ঘটনাস্থলে কর্তব্যরত আমাদের সহকর্মীদের জন্য, যাঁরা সংখ্যায় তুলনামূলক ভাবে কম থাকা সত্ত্বেও প্রাণের ঝুঁকি নিয়ে সীমিত ক্ষমতায় হামলাকারীদের মোকাবিলা করার চেষ্টা করে যান আগাগোড়া, যতক্ষণ না অতিরিক্ত ফোর্স ঘটনাস্থলে পৌঁছে পরিস্থিতি নিয়ন্ত্রণে আনে। হামলায় আহত হয়েছেন আমাদের বহু সহকর্মী, এঁদের মধ্যে কারো কারো আঘাত গুরুতর। 

এই হামলার নেতৃত্বে থাকা দুষ্কৃতিদের চিহ্নিত করেছি আমরা। এদের বিরুদ্ধে দ্রুত কড়া পদক্ষেপ নেওয়া হবে। 

Last night, a mob of between 5,000 and 7,000 people, including several individuals invaded R.G. Kar Hospital, attacked protesting doctors and medical students, and attempted to ransack the premises. 

We are proud of the fact that, despite being heavily outnumbered, our colleagues deployed at the spot, including the DC (North), tried to fight back using limited resources, putting their own lives at risk until reinforcements arrived to bring the situation under control. Several of our men were injured in the attack, some of them seriously.

We have identified the miscreants who led the attack, and stringent action will be taken shortly.",Eligible,"[""Why didn't the police take earlier actions against those hooligans? \nI was watching ABP Ananda live & shocked"", 'হ্যাঁ একটু দ্রুত পদক্ষেপ নেবেন, মোটামুটি মরার আগে যাতে দেখে যেতে পারি', 'সত্যিই যে কাল আপনাদের ভূমিকা কি ছিলো, নিজের চোখে দেখেছি। সবাই সবটুকু বোঝে।', 'খুব সুন্দর আর মনোগ্রাহী গল্প। \n\n""বিশেষ রাজনৈতিক"" গল্প!', 'Comment porte elam...😃\n\nসবাই আমরা খুব বোকা , তবে এত টাও কি☺️', 'Apnader system kotota kharap, apnara ei rajjer desher rokkha korte koto ta akkhom tahole vebe dekhun. Apnader gaya jama tai ache khomota merudondo kichui nei...', 'এত কিছুর পরেও রচনা লিখে যাবেন? এত কিছুর পরেও??', 'আপনাদের দ্রুত পদক্ষেপ এর আগে আরও একটা অলিম্পিক  দুটো ক্রিকেট বিশ্বকাপ হয়ে যাবে ।', 'I hope these antisocial hooligans will be brought to justice soon\nTheir pictures are all visible in the different news portals carrying flag of a particular political party\nHope police personnel get well soon .', 'Also identify the ones who are giving laughing reaction to this post, how can one give laughing reaction to this kind of post', 'Apnara dariye dariye oi hooliguns der hospital bhangte dilen ekhon oi gundader sathe sadharon manusher naam jurchen r kato niche namben apnader policer chakri chere deoa uchit apnara naki Scotland policer mato ei tar namuna chichi bharate gunda gulo k dhorar chesta porjyonto korlen na . Chichi', 'বাঃ দারুন ব্যাপার...যাদের হাতে আমাদের নিরাপত্তা, তাদেরই যখন এই অবস্থা, সেখানে সাধারণ মানুষদের আপনারা কতটা নিরাপত্তা দিতে পারবেন ভালই বোঝা যাচ্ছে।', 'Pls Galpo bolben na \nAMRA SUNBO NAAAAA', 'দোষীদের শাস্তি হোক', 'State sponsored রূপকথা 👌', 'Darun story 👏👏👏', 'Era toh  Police 😂😂😂\nKi jata obostha  kolkata Police er. \nArrest the Principal immediately.', 'আপনারা এই আঘাতেই বিছানায় লুটিয়ে পড়েছেন , আর মেয়েটির কথা ভেবে দেখুন তো সে কত টা কষ্ট পেয়েছিল সেদিন ।', ""আপনারা  'গর্বিত', আর আমরা লজ্জিত।"", 'Camera te sob dekha gelo - ei post ta na korlei hoto nah ? 5000 lok naki 20/25 jon gunda ? \nKeno apnara eram korchen - amra to jani apnara chaile sab doshi samne asbe . Keno eram korchen ? Apnader o to family ache - akta susto somaj apnader o jonneu to tatotai important jatota bakider jonne . Please ebar aktu apnarao rukhe daran - apnara rukhe darale kono party r lok apnader die tader kaj koriye nite parbe nah. Please request apnader . \nJara ahoto hoyechen tader susthota kamona kori.', 'সন্দীপ ঘোষ কে পাবলিকের হাতে ছেড়ে দিন, ওকে এই বেডে  শুইয়ে দেব আমরা!\nবল হরি হরি বল', 'পাঁচ সাত হাজার জনের অত্যাচারে এত হালকা চোট হয়! আর কত গল্প সাজাবেন!!! সবাই সাদা আঁচলের নীচে লুকিয়ে থাকুন আপনারা।', 'স্যার স্ক্রিপ্টটা বড্ড কমজোর, টি-টোয়েন্টির যুগে,টেস্ট ম্যাচ দেখালেকি মানুষ দেখে সেভাবে?? তাই আপনাদের বানানো গল্পটা যদি একটু সময় নিয়ে ভালোভাবে মসলা দিয়ে তৈরি করতেন তাহলে মনে হয় ভালহতো।।\nআপনারা আমাদের গর্ব সেই বিশ্বাসটা নষ্ট হতে দেবেন না,\nআপনারা আছেন বলেই আমরা নিশ্চিন্তে ঘুমাই কিন্তু কাল রাত প্রমাণ করেছে আমরা জাগতেও পারি জাগাতেও পারি।', 'আপনারা এতটাই হেল্প লেস!?  এতো টাই হাত বাঁধা?? সবাই তো সব কিছু বুঝে যাচ্ছে', '5-7 hazar? Apnara sure to? Ar Jodi sotti e tai hoy tahole aroi vorsa kora kothin hoy porche apnader upor! Sadharon manus jeta bujhte parchilo apnara “professional” hoye Kemon kore bujhlen na? Je kno andolon ke byartho korte kinba sadharoner upor dos chapate je ek dol manus kichu na kichu gondogol korbe seta bujhlen na? Ghunakhoreo khobor pelen na?', 'যখন ভাংচুর চলছে তখন আপনারা ও র\u200d্যাফ দাঁড়িয়ে দেখলেন। চিত্রনাট্য দুর্বল।।।', 'আপনাদের তৎপরতা tv তে সবাই দেখে নিয়েছে । সোশ্যাল মিডিয়া এর যুগে এসব পট্টি পরাতে আসছেন ?? মানে, সত্যি??', 'পাঁচ থেকে সাত হাজার? কাকা, গোয়েল বাবু লেখাপড়ায় ভালো শুনেছিলাম 😃।', 'নিজের অভিজ্ঞতা দিয়ে বলছি। ২০২২ অনলাইন frud অনেক টাকা জালিয়াতি হয়। সাইবার ক্রাইম রিপোর্ট করি, তারপর লোকাল থানা থেকে য্খন কেস টা আসে, বলে অনেক দেরি hoye গেছে। টাকা পাওয়া যাবে না।।।। এই জন্যে এদের কিছু হলে আমি খুশি হয়।।।।।', 'আপনাদের জন্য একটাই শব্দ ""ছি:""', 'Esob natok bondho kore Taratari duty te phirun. Criminal der bachiye innocent lok ke dhorte hobe.', 'নাটক কম করো পিও', '৫-৭ হাজার? সত্যি? গতকাল রাতে আমাদের এলাকায় ৩-৩.৫ হাজার জনের জমায়েত দেখেই বুঝলাম কী বিরাট হতে পারে সংখ্যাটা। সেখানে যে সংখ্যাটা আপনারা বলছেন জানি না সত্যি কিনা। তার ৪ ভাগের এক ভাগ লোক হলেও আগে থেকে প্রস্তুতি না থাকলে পুলিশের সত্যিই কিছু করার নেই। \n\nআপনারা আমাদের মতোই কারুর বাবা কাকা দাদা, আপনারাও আপনাদের কর্মক্ষেত্রেই আহত হলেন। জানি না কাদের এতো হাসি পাচ্ছে এভাবে আপনাদের দেখে। \n\nশুধু একটাই কথা বলবো কোনরকম রাজনৈতিক দলের হয়ে কাজ না করে শুধুমাত্র প্রশাসনিক দায়িত্ব পালন করুন নিরপেক্ষ ভাবে। বাকিদের কথা জানি না, আমি এখনও বিশ্বাস করি আপনারা পারেন যদি সত্যিই চান। রাজনীতির রঙিন হাত নিজেদের ওপর পড়তে দেবেন না। আপনাদের ঘরেও তো মা বোন সন্তান আছে, তারাও তো একই রকম unsafe, হয়তো কালকের মিছিলে কোথাও না কোথাও তাঁরাও অংশ নিয়েছেন। আপনারাও প্রতিবাদে অংশ নিন। একটু দেখবেন এতবড় অন্যায় যেন ধামা চাপা না পড়ে যায় 🙏🏻', 'প্রথমে স্ক্রিপ্টে জোর করে ঢুকিয়েছিলেন হামলাকারী দের হাতে নির্দিষ্ট দলের পতাকা ছিল। তারপর আবার সবাই ছেঁকে ধরবে বলে এডিট করে বাদ দেন এবং এডিট হিস্ট্রি ডিলিট করেন। আপনারা কার প্ররোচনায় এগুলো করছেন? আপনাদের কাজ মানুষের জন্য নাকি দুষ্কৃতীদের হয়ে নিরস্ত্র নিরীহ মানুষের উপর রোয়াব দেখানোর জন্য? জানেন মিডিয়ার যুগে অলরেডি দেখিয়ে ফেলেছে হামলাকারীদের হাতে কী ছিল, এবং পুলিশের ভূমিকা সেই সময়ে কী ছিল, তাই এখন মিডিয়ার উপর বিশাল জ্বলছে!', 'সোশাল মিডওয়ায় ফেক নিউজ ছড়ানো বন্ধ না করলে,, বা এদের মাথা গুলোকে না ধরলে এরকম হয়ত আরও ঘটবে', '১১টায় সব দোকানদারদের হুমকি দেন দোকান বন্ধ করার জন্য,  এই তো আপনাদের কাজ এখন | দলদাস হয়ে গরিবের পিছনে লাগলে এরকমই মার খেয়ে যাবেন সারাজীবন |', 'যেই ডাক্তারদের দুইদিন আগে আপনারা মেরেছিলেন, জামা টেনে ছিঁড়ে দিয়েছিলেন আজ তাদের কাছেই পরিষেবা নিতে হচ্ছে। প্রথম থেকে যদি আপনারা সতর্ক হতেন তাহলে আজ এই দিন দেখতে হতো না। ভাবুন একবার যে শাসক দলের হয়ে ডাক্তারদের ওপর হাত চালালেন আজ তাদের হাতে আপনারা মার খেলেন।', 'দ্রুত অবৈধ অনুপ্রবেশকারী আত্মগোপন করে থাকা রোহিঙ্গা বাংলাদেশীদের চিন্হিত করুন, সবকিছুর মুলে এরাই রয়েছে।', 'দিদিকে দেখান উনি চুপ কেনো এখন ?', 'আপনাদের গোয়েন্দা বিভাগ কি করছিল? এত মানুষ আহত হলেন যদি এটা খুন হতো, তার দায় কে নিত? \n\nযারা সঠিক কর্তব্য করতে পারছেন না তারা অবসর নিন।', 'বাঃ বেশ লিখেছেন তো! এতো সুন্দর ছোটগল্প লেখার কারনে ‘গল্পশ্রী’ পুরষ্কারের দাবী রাখেন আপনারা।', 'ধুর জমছেনা। আর একটু ভালো করে লিখুন। পারবেন পারবেন ঠিক পারবেন। 🤬🤬🤬🤬 চটি টা সকাল সকাল গিয়ে আর একবার চেটে আসুন, তারপর লিখুন।🤬🤬🤬🤬', 'Ekhono gorbito kotha ta bolte lojya lagche na... Samne dariye dariye hamla dekhlen proman lopat e sahajyo kore ekhon lok dekhiye post .. amra jonogon oto Tao boka noi eta vule jaben na', 'খুব কষ্ট হচ্ছে না?? নিজেদের স্বার্থে ঘা পড়েছে বলে তাই তো।।', 'এই গল্প স্ক্রিপ্ট পুরানো হয়ে গেছে', 'আমি যে গ্রামে আছি সেই গ্রামের নামে তাহেরপুর থানাতে অভিযোগ করলে আমার অভিযোগ নিয়েও 72 ঘন্টার মধ্যে আমার করা অভিযোগ গ্রামের মানুষের কাছ থেকে ঘুস খেয়ে আমাকে বিভিন্ন ভয় দেখিয়ে আমার অভিযোগ জোর করে,আমাকে দিয়ে যা ইচ্ছা খুশি লিখিয়ে আমার অভিযোগ তুলে দেন, কোর্টে কেস করলে- আমার করা অভিযোগ দাবিয়ে দেন রানাঘাট মেজিস্ট্রেট কোর্ট। পাঁচ বছর ধরে অবৈধ অনুপ্রবেশকারী আত্মগোপন করে থাকা এলিয়েনদের সাথে আমি লড়ছি। 👇https://www.instagram.com/reel/C34I_bsLJvN/?igsh=N3MzMnF4Y2FheXJ5\n\nhttps://youtube.com/shorts/8m1KOtRe-xE?si=wPEb-Qg6Cy5iUgim', 'শিরদাঁড়া সোজা না করলে কপলে আরো কষ্ট আছে,', 'Ai porithitite aidhoroner post theke nijeder k upnara biroto rakhun. Aktu bujhte shikhun upnara.. jothestho budhi to dhoren. Jara upnader aisob post korte poramorsho dichhe ba budhi dichhi tader o bolun. Social media akhon ar ager juge nei. Airom uttopto situation a ai dhoroner post a upnara public ar sympathy pabena borong kotakho ar bidrup purno monttobo e paben. Karon aidhoroner post jolonto agun a ghi dhalar e kaj korchhe... ar red gol gol mark kore jokhon public platform a public der bolchhen khoj dite tokhon atao mathay rakhun aimuhurter situation onujai khoj jodi public der e upnader k dite hoy upojukto shasthi paoyabar jonne tale public nijei sei bichar debe oisob loker khoj Pele...', '★ আপনার যে সংখ্যা কথা বলছেন আর যাঁরা হাসপাতালে আক্রমণ করেছে তাঁরা একি লোক নয়!\n\n★ কোন রাজনৈতিক দলের বেক্তি বা বেক্তিবর্গ রক্ষা করতে চাইছেন...! \n\n★ আপনারা সংবিধানের শফত নিয়ে সরকারি চাকরি করেন, ভারতবাসী পয়সার মাইনে পান জনগণের জন্যে কাজ করুন।', 'নিজেরাই নিজেদের রক্ষা করতে পারছেন না... সেখানে সাধারণ মানুষের অবস্থাটা একবার ভেবে দেখুন তো...\nচাকরি করে পরিবারকে দু বেলা দু মুঠো মুখে খাবার তুলে দেবার জন্য আপনাদের এই ব্যাথাসহন করতে হলো, আর সেই মেয়েটি যে দিন রাত এক করে না খেয়ে না ঘুমিয়ে ঘণ্টার পর ঘণ্টা জেগে ডিউটি করছিলো যাতে আমরা সাধারণ মানুষরা অসহায় পরিস্থিতিতে একটু শান্তি পাই, আপতকালিন সময়ে চোখের জল যাতে না আসে.... অপরকে সেবা করতে গিয়ে সে নিজে কি ব্যাথাটাই না পেয়েছিলো সেই রাতে... একবার ভেবে দেখুন তো, কি দোষ করলো সে... এরকম পাশবিক অত্যাচার কি তার কেনো কারোর প্রাপ্য জীবনে...?\nএরপরেও কি মনুষ্যত্ব জাগাতে হয়...? নাকি আগে আমাদের জীবিকা বাঁচানোর তাগিদ...? তারপর মানুষ..? কোনটা...?\n\nসত্যি মাঝে মাঝে বড্ড অবাক লাগে এই কারণেই কি আমরা স্বাধীন হয়েছিলাম...? এই দিনও কী প্রাপ্য ছিল আমাদের..? কি দিয়ে যাচ্ছি আমরা আগামী প্রজন্মের কাছে...?\nপারলে একটু ভেবে দেখবেন... 🙏\nসবশেষে সবার দ্রুত আরোগ্য কামনা করি...']"
https://www.facebook.com/kolkatapoliceforce/posts/pfbid0Y1fVxHmnyES9uHQWJrJWJjCFEfLWtJyXfXut2KTrzZKrMVuT2SoQRBtzJphE9AiFl,"আর.জি. কর হাসপাতালের ছাত্রীর সাম্প্রতিক মর্মান্তিক মৃত্যুর মামলার তদন্তে আদ্যন্ত পেশাদারিত্ব এবং সর্বোচ্চ দক্ষতার সঙ্গে কাজ করেছে কলকাতা পুলিশ, যার ফলে চার দিনেরও কম সময়ে মামলাটির তদন্ত করা সম্ভব হয়েছে। মাননীয় হাইকোর্টের আদেশে আমরা এখন মামলার সমস্ত নথি সিবিআই-এর কাছে হস্তান্তর করেছি। মৃতার পরিবার যাতে ন্যায়বিচার পান, তা নিশ্চিত করতে আমরা কেন্দ্রীয় সংস্থাকে সবরকম সহায়তা করতে প্রতিশ্রুতিবদ্ধ।

পাশাপাশি একথাও বলা প্রয়োজন যে অপরাধের তথাকথিত বিবরণ সম্পর্কে সামাজিক এবং মূলধারার মিডিয়ায় অজস্র গুজব ছড়িয়েছে, যা ইতিমধ্যেই মিথ্যা প্রমাণিত হয়েছে। তদন্ত চলাকালীন এর চেয়ে বিশদে না গিয়ে আমরা আবারও সকলকে অনুরোধ করব, যাচাই না করে ভিত্তিহীন তথ্য ছড়ানো থেকে বিরত থাকুন। এর ফলে তদন্ত ক্ষতিগ্রস্ত হয়, তা সে যার দ্বারাই পরিচালিত হোক না কেন।

সবশেষে বলা, মৃতার পরিবারকে পুলিশের তরফে যোগাযোগ করে আত্মহননের কথা বলা হয়েছে, এই মর্মে যে প্রচার চলেছে গত কয়েকদিন ধরে, তা সম্পূর্ণ অসত্য। ফোন যে পুলিশের পক্ষ থেকে করা হয়নি, তা জানিয়েছেন শোকসন্তপ্ত পরিবারই।

We would like to share that Kolkata Police has used its best resources and worked absolutely professionally on the investigation into the recent tragic death of a young medical student at R.G. Kar hospital, in a period of less than four days. We have now transferred the case documents to the CBI following an order from the honourable High Court. We are committed to providing any assistance the agency needs to ensure that the victim’s family receives justice.

We would also like to put on record the fact that several rumours have been doing the rounds on social and mainstream media about the so-called details of the crime, which have already been proved false. Without going into details since this is an ongoing investigation, we once again urge netizens to refrain from spreading unfounded and unverified information. This impedes the investigation, irrespective of the agency that carries it to its logical conclusion.

Finally, we would like to place on record the fact that reports of the police informing the family about a possible suicide are a complete fabrication. As the bereaved family has confirmed, that call did not come from the police.",Eligible,"['Sir, please  জলদি রেনোভেশন এর কাজ টা শেষকরতে দিন, না হলে প্রমাণ থেকে যাবে।\nএক জন সিভিক ভলেন্টিয়ার  যেন ওখানে থাকে।\nনা হলে  মন্ত্রী পর্যন্ত cbi er হাত চলে যেতে পারে।।', 'মানুষের আস্থা ভরসা কিছুই আর নেই।। কর্ম যেমন করবেন ফল কিন্তু ঠিক তেমন এ পাবেন।।। মনে রাখবেন কথাটা।', 'পশ্চিমবঙ্গ পুলিশ অথবা কলকাতা পুলিশ-আপনারা কেউই বর্তমান শাসক দলের ক্যাডার ছাড়া আর কিছুই না \nসাধারণ মানুষদের হেলমেট নিয়ে harass করতে পারেন,গভীর রাত্রে ওভারলোড ট্রাকের ড্রাইভারের থেকে হাত বাড়িয়ে ঘুষ নিতে পারেন\nযেটা দিতে পারেন না সেটা হল পশ্চিমবঙ্গের সাধারণ মানুষদের নিরাপত্তা\n#ShameOnYou', 'গুজব ছড়ানোর ফলে তদন্ত ক্ষতিগ্রস্থ হয় সেটা নাহয় মানা গেল। কিন্ত তাহলে কি একেবারে গোড়াতেই আত্মহত্যা বলে চালানোর প্রচেষ্টায় তদন্ত লাভবান হয়েছে??', 'কমেন্ট সেকশন দেখলেই বোঝা যায় আপনাদের প্রতি জনগণের আস্থা', 'Apnader Dog squad pathate parten prothome.... Ora ontoto manush er moto rekhe dheke tottho ditona... Ektu holeo somman ta rakhto Kolkata Police er...', 'আপনারা হলেন রক্ষক এর নামে ভক্ষক 👏', 'ঠিক কি না', 'যেই স্থানে নারকীয় ঘটনাটি ঘটানো হয়েছে, কেন এই মুহূর্তে তার সংলগ্ন জায়গা ভাঙা হচ্ছে? এটা কি তদন্তের যথাযথ নিয়ম?', 'Are rastai gia gari dhrun dada giri dakhia kichu incam korun kaj debe osob todonto apnader dia hobe na', 'Apnader kach theke eta expected chilo na... Apnader khamota onek.. ichche korle sotti ta onek age e ber korte paren.. kin2 dukhkher bishoy sei sot, sahosh jukto police er obhab..', 'এই ভিডিওটা দেখার সময় হলে দেখে কি জবাব আসে দেখি!\nমেয়েটির পরিবার আর প্রতিবেশীর বক্তব্য। \nকি ভয়ঙ্কর অত্যাচার মেয়েটির ওপর হয়েছে,  তার বিশদ! হা ভগবান! হা ঈশ্বর!\n\nএই ভয়াবহ বিকৃত হত্যা আর ধর্ষণকে আপনারা এত অপমানের পরেও চাপা দিচ্ছেন?\nআপনাদের পাহারায় সেমিনার হলের সামনে,  আশেপাশে ভাঙচুর হচ্ছে! \n\nকাকে বাঁচাচ্ছেন? কেন বাঁচাচ্ছেন? কী পাবেন এসব করে?\n\nআপনারা এখনও মানুষের সহানুভূতি আশা করেন?\nএগুলো মানুষের কাজ?\n\nকেন আত্মহত্যা বলে চালিয়েছে পুলিশ বিভাগ?\nউত্তর আছে?\n\nএই যে ক্লিপ! \nএই যে বাস্তবতা! \nhttps://www.facebook.com/share/v/r61D36pmLFZ8r2Sz/?mibextid=oFDknk', ""ধর্ষণ এবং খুনের যথেষ্ট প্রমাণ থাকা সত্ত্বেও মৃতার পরিবারকে প্রথমেই সুইসাইড বলা হ'ল কেন এটার জবাব দিন আগে।"", 'প্রথম বাক্যেই ভুল। স্যার, মর্মান্তিক মৃত্যু না - ধর্ষণ এবং হত্যা!', 'স্যার হঠাৎ করে রিপেয়ার কাজ শুরু হয়ে গেল কি করে? এত বড় ঘটনার পর কি করে এই কাজ হয়, তার মানে বোঝা গেল যার গেল তার গেল প্রশাসনের আর কি,', 'বাহ্ বাহ্ অসাধারণ 👏👏👏👏👏', 'সন্দীপ ঘোষ কে এত আড়াল করার কারণ কি?', 'Valoi korechen apnara CBI ke diye karon eta apnader dara hobe na pujo te rate gari dar koriye haat patar jonnoi thik achen . Jara aporadh kore tader chokhe pore na jara kichui korena tader bhugte hoi .', 'হাইকোর্ট আপনাদের বিশ্বাস করতে পারছে না, তিরস্কার করছে। অথচ Facebook এ পোস্ট করে আপনাদের বিশ্বাস করতে বলছেন 🤔\nলজ্জা বলে কিছু কি অবশিষ্ট আছে??', 'Someone please gift KP some mirrors. 😆', 'সোশ্যাল মিডিয়ায় এইসব পোস্ট না করে তদন্তটা ঠিকঠাক করে করলে তাহলে আর হাইকোর্টে গিয়ে মুখটা পড়তো না কলকাতা পুলিশের। কি আশ্চর্য পুলিশ প্রশাসন তদন্ত ঠিকঠাক না করে ফেসবুকে এসে জনতার কাছে সাফাই গাইছেন আপনারা। আপনাদের লজ্জাও করেনা।', 'পেশাদার জগতের সর্বোচ্চ পর্যায়ের ব্যর্থতা যদি কিছু থেকে থাকে তো তা হলো কারো নির্দিষ্ট কাজের দায়িত্ব অন্য আরেকজনের কাছে হস্তান্তর করা. অদক্ষতার নজির সেটা.\nসেই ঘটনা ঘটার পর যদি কেউ দাবী করে সেখানে আদ্যন্ত পেশাদারিত্ব দেখিয়েছে তাহলে তাকে ঠিক কি বলা যায় বলুন তো বাংলা ভাষায়?\nগোড়া থেকেই সন্দেহ ছিলো এই পেজটি কোনো কবি, সাহিত্যিক চালান, পেশাদারি পুলিশ ট্রেনিং থাকলে কেউ এসব লিখতে পারে এতো স্বপ্নাতীত.', 'নিজেরাই সম্মান ও বিশ্বাস হারাচ্ছেন। আপনাদের এই মুহূর্তে কেউ বিশ্বাস করছেনা।।। এমন কি এই পোস্ট গুলোও নাটক বলে মনে হচ্ছে।।', 'সুইসাইড কেন বলেছিলেন আগে তার জবাব দিন? সিভিক ভলান্টিয়ার দিয়ে তদন্ত করিয়েছিলেন নাকি?', ""Dhur baaal, what's the result ? Do u remember telengana police action few years back?\nTora chalan kat and gari bike dhor. Esob toder level er baire.\nOh yes, ei toh koikmas age south city er samne and tar dumas age mani square er samne chalan ketechili tora.. \nChalan kat and choti chat."", 'সেই গুজবটা আসলে আমরাই ছড়িয়েছি, ঘটনাটা আত্মহত্যা বলে চালানোর চেষ্টা করেছি। \nএখনো প্রমাণ লোপাটের সবরকম চেষ্টা করে চলেছি, আপনারা just ভরসা রাখুন 🙏🏻\n\n-কলকাতা পুলিশ', 'আরে মশাই গুজব তো আপনারাই ছড়িয়েছেন শুরুতেই , \n খুনকে আত্মহত্যা বলে । \nএকদিনের মধ্যেই একটা ঝুলো মার্কা স্কেপগোট নিয়ে এসে ।\n প্রায় সব প্রমাণ লোপাট করে । \nপ্রতিবাদী ছাত্রীদের ওপর অত্যাচার করে । আরও কতকিছু করে । আবার আপনারাই গুজব ছড়াতে বারণ করছেন ?? হাসালেন মশাই !!! \nআপনারা কি জানেন যে আপনারা ইতিমধ্যে জনগণের কাছে রীতিমতো কালপ্রিট হয়ে বসে আছেন ?', 'Satti pith chapran apnara ek ey opor er \nEkta FIR obdhi koren ni \nKi Sikha apnader baba ma diyechen ????\nKi manush holen???\nKi lekha pora korey IPS holen ? \nBaba ma er takar sraddhyo kortey ??\nDhikkar dhikkar chi chi \nIshwar korun apnader bari r kono MEYE der sathey jeno emon na hoy \nCHOTI cherey chetey norok ey Choley gechey KOLKATA POLICE \nWe were at time felt proud that KOL POLICE was compared to Scotland Police 😰', 'আপনাদের কি বি\u200cশ্বাস করা যায়⁉️\n\nবিশ্বাস করার কারন গুলো কী কী...\n\nহাতে ক্ষমতা আছে বলে যা ইচ্ছা করা যায় কি❗️', 'এক রাশ ঘৃণা শুধু ..দলদাস  সম্পূর্ণ ভাবে । আপনাদের দেখে কিছুটা সম্মান তাও আসতো এবার সেটাও শেষ. তথ্য গোপন, অন্যায়ের পাশে দাঁড়ানো আপনাদের  মজ্জাগত হয়ে গেছে. \nধিক্কার আপনাদের.', 'আপনাদের এখন এমন অবস্থা যে রীতিমতো পোস্ট করে জানাতে হচ্ছে যে আমাদের উপর ভরসা রাখুন। এমন কখন বলা হয়? যখন ভরসা উঠে যায়। সেটা আশা করি বুঝতে পারছেন আপনারা। অনেক টা নিজের ঢাক নিজে পেটানো হয়ে যাচ্ছে না? শুধু ফেসবুকে পোস্ট করলেই হবে না। আপামর জন সাধারণের প্রতিটা কমেন্ট এর উত্তর দিন। সোশ্যাল মিডিয়া টিম কে বলুন কমেন্ট ধরে ধরে উত্তর দিতে। তবেই মানুষ ভরসা রাখবেন। আস্থা রাখবেন।', 'আমরা আর জি কর এর সেমিনার রুমের যে ভিডিও দেখেছি, তা নিশ্চয়ই social media তে আপনারা পোস্ট করেন নি, কোনো মিডিয়া বা কেউ করেছে, ওই ঘরে যেখানে ঘটনা ঘটে সেখানে প্রচুর প্রমাণ, ফরেনসিক specimen পাওয়া যাওয়ার কথা, তা আমাদের সিনেমা সিরিজ দেখা বুদ্ধির চেয়ে আপনাদের আরো বেশি ভালো জানা আছে, তা সত্ত্বেও ঘরটি সাথে সাথে লক হলো না, পাশে আবার ভাঙ্গা ও শুরু হয়ে গেলো, আপনাদের ই দুজনকে পাহারায় দেখা যাচ্ছে,আপনাদের ই সামনে হচ্ছে , মেয়েটির বাড়িতে কে প্রথম ফোন করেছিল সেই ইনফরমেশন টাও নাকি কোর্ট এ যখন জানতে চাওয়া হয় সঙ্গে সঙ্গে দিতে পারেন নি, এরপরও বলবেন দারুণ ভালো কাজ করেছেন আপনারা?!', 'রেপ ও মার্ডারের আসামীকে কিভাবে প্রটেকশন দিতে হয় সেটা আপনারা শেখালেন। বাংলা সত্যিই এগোচ্ছে।', 'রাজ্যের হাইকোর্ট  রাজ্যের পুলিশ এর উপর বিশ্বাস, ভরসা রাখতে পারছে না, এর পরেও আপনারা মনে করেন যে রাজ্যের মানুষ আপনাদের উপর ভরসা রাখবে ? কোথায় নেমে গেছে রাজ্যের পুলিশ এর মান , কোথায় গেলো আপনাদের মেরুদণ্ড , একবার নিজের বিবেক কে প্রশ্ন করুন স্যার , আয়নার সামনে দাড়িয়ে নিজেকে জিজ্ঞাসা করুন স্যার , আপনাদের যে সব কাজ এ মানুষ প্রসংশা করত সেই মানুষ গুলো আপনাদের পোস্ট এ হাসছে এসে , ছি!! লজ্জা হয় আজ অন্য রাজ্যের মানুষ এর সামনে বলতে যে আমরা West Bengal এ থাকি ।। 😑', 'Bunch of idiots 😡 ক্রাইম সিন কেন শীল করেন নি আপনারা। জবাব দিন আগে।', 'পাতি বাংলাতে আপনাদের যোগ্যতা নেই🧘 স্বীকার করুন। আর কত ক্ষমতাশীল ছেলেদের বাঁচালেন, সেটা আপনাদের পরিবারের মেয়েদের সাথে হলে সেদিন বুঝবেন🙏', 'আপনাদের বাড়িতেও তো মেয়ে আছে। একটু ভগবান কে  ভয় করুন। সাধারণ মানুষ আর কত সহ্য করবে। সব কিছুর একটা limit আছে।', 'পুলিশ কি সত্যি সাধারণ মানুষের জন্য? পুলিশদের বিবেক কি বলে?', 'কয়েকটা প্রশ্ন রেখে গেলাম -\n1. এই কয়েকদিনে এখনও পর্যন্ত মাত্র ৬ জনের জবানবন্দি কেন হল?\n2. ৫ দিন অতিবাহিত হয়ে গেল এত writ, PIL ফাইল হয়ে গেলো আর আপনারা  CD টা satisfied করতে পারলেন না? কিসের Investigation করলেন?\n3. UD te ন্যাচারাল ডেথ বলে কেন রেজিস্টার করা হল? যেখানে victim কে দেখেই শনাক্ত করা যাচ্ছে যে brutally রেপ করা হয়েছে?\n4. পরিবারের লোকজন কে প্রথম ফোনে কেন বলা হল সে অসুস্থ? কেনই বা পরে তাদের জানানো হল তাদের মেয়ে সুইসাইড করেছে?\n5. Inquest রিপোর্টে মা বাবার সহি করতে এত সময় কেন লাগলো?\n6. প্রথম 10.36 এ বাবা মাকে ফোন করা থেকে  রাত 1 টার পর বাবা মা আসার আগে পর্যন্ত victim এর সাথে ঠিক কি কি হয়েছে? Cc টিভি ফুটেজ ওই particular জায়গায় ছিল না কেন? যদি অন্য কেউ বা কারা উপযুক্ত স্থানে প্রেজেন্ট থেকে থাকে তাদের নাম বা জবানবন্দি কোথায়?\n\nআরো অনেক প্রশ্ন আছে এগুলো একেবারেই বেসিক...\nসামান্য নেতার কিছু হলে আপনাদের CD extreme prepared থাকে... এই victim এর বেলায় পুরো concern authority কাজ 10%?', 'এই সব post দিয়ে আর লাভ নেই। জনগণ জেগে উঠেছে।', 'প্রথম মিথ্যা তথ্য দিয়ে বিভ্রান্তি ছড়িয়েছে কে বা কারা? তাদের বিরুদ্ধে কি পদক্ষেপ নেওয়া হয়েছে এখনো পর্যন্ত? শাসানি মূলক পোস্ট কাম্য নয়।', 'অনেক বকেছেন.. কিন্তু কাজের কাজটা করেননি.. তাই আমরা সমব্যাথী বলে এসব ভুল ভাল তথ্য না ছড়িয়ে নতুন হওয়াই চটি কিনে gift করুন!!! Promotion হবে!', 'বাবা, আপনারা নিজেরাই নিজেদের সার্টিফিকেট দিচ্ছেন দেখছি....অবশ্য আর কেউ তো দেবে না।\nচিন্তা নেই, শেষের দিক থেকে আপনারাই প্রথম হয়েছেন।', 'Apander barite karo meye nai... Chi lojja kore na... Apnarao to kono na mohilar gorver sontan... Apader bon ba meyer stahe jodi eta hoto ki korten... Ajj apanr der meye ra safe ache... Kal nao thkate pare.... Tai sothik todonto korun🙏', 'মৃতার পরিবার যাতে ন্যায়বিচার পায়, তাই সিবিআই কে তদন্ত হস্তান্তর করার পরেই ক্রাইম এরিয়া সংস্কার করতে allow করেছেন? অতি উচ্চ বিচার 😀', 'Apnara kono tadantoi karen ni... High court aaj bole diyechhe... Ghatonake dhamachapa debar chesta korechhen... Praketo dosi ke adal korechhen... R akhon chest department at renovation ar kaj kore praman lopater chesta kora hachchhe... Manus boka noy... Manus sab dekhchhe... Apnara CBI ke hand over ar age chest department ar renovation hay ki kore?? Apnader satota niye akadik prasno...shame on kolkata police...', 'Asha Kori apnara comment gulo porchen. Ki mone hocche keno eto manus apnader proti astha-hin? Vabun na ektu somoy ber kore.', 'Kolkata Police  thik ki karone apnader opor bharsa rakha uchit sottie bujhte parchina.  \nApnader opor sadharon manus bhorsa rakhte parena.... Tar jonno apnarai dayee non ki???\n\nTao jodi jadabpur universityr Swapnoniler case tar kichu suraha hoto...', 'Onek raat holo. Fb na kore truck dhore collection korun.', 'Court to জনতা আপনাদের ভরসা কেউ করে না...  এতদিন যা যা করছেন তারজন্য ধন্যবাদ...  এবার চটি ও চামচা এদের কাজ করুন']"
https://www.facebook.com/kolkatapoliceforce/posts/pfbid02zW2mnCV5qjsJQZS4EeKfeRb71G5doSC8gMChTLdJ6QY6xcHCoSjkpAP3ZCmFpsqZl,"আর. জি কর মেডিক্যাল কলেজে যে চিকিৎসক তরুণীর মর্মান্তিক মৃত্যু ঘটেছে, এই কঠিন সময়ে আমরা সর্বান্তঃকরণে তাঁর শোকসন্তপ্ত পরিবারের পাশে আছি। এই ঘটনায় মানুষের ক্ষোভ, শোক, রাগ অত্যন্ত স্বাভাবিক, বিশেষ করে চিকিৎসক সমাজের এবং মৃতার পরিজনদের। এই ক্ষোভ-শোক-ক্রোধের নতমস্তক শরিক আমরাও। এই যন্ত্রণা বর্ণনাতীত। 

আমাদের তদন্ত চলছে আন্তরিক সততা এবং স্বচ্ছতার সঙ্গে। এই নারকীয় ঘটনার ২৪ ঘন্টার মধ্যে আমরা একজনকে গ্রেফতার করেছি তথ্যপ্রমাণসহ। আরও কেউ ঘটনায় জড়িত ছিল কী না, সে বিষয়েও তদন্ত চলছে সর্বোচ্চ গুরুত্ব দিয়ে। মৃতার পরিবারের সঙ্গে আমাদের যোগাযোগ রয়েছে, এবং তদন্তের প্রতিটি পদক্ষেপ তাঁদের জানাচ্ছি আমরা।

একটি কথা সবিনয়ে বলার। সোশ্যাল মিডিয়ায়, বিশেষত ফেসবুকে ঘটনা নিয়ে বিভিন্ন অসত্য, অনুমাননির্ভর এবং বিভ্রান্তিকর তত্ত্ব ছড়িয়ে দিচ্ছেন নেটিজেনদের একাংশ। আমাদের আন্তরিক অনুরোধ, না-যাচাই-করা এই ধরণের তত্ত্ব, তথ্য বা গুজবে কান দেবেন না। এতে তদন্তের ক্ষতি হয়, ন্যায়ের প্রক্রিয়া ব্যাহত হয়, এবং সর্বোপরি শোকগ্রস্ত পরিবারটি আরও বেশি করে যন্ত্রণাদগ্ধ হয়। আবার বলি, সততা, আন্তরিকতা এবং স্বচ্ছতার সঙ্গে তদন্ত চলছে। কাল্পনিক তত্ত্ব এবং গুজব ছড়ালে সেই তদন্তেরই গতি ব্যাহত হয়। 

বিক্ষোভরত ছাত্রছাত্রীদের বলি, আমরা বুঝতে পারছি আপনাদের শোক, সমর্থন করছি আপনাদের ন্যায়বিচারের দাবি। আপনাদের সঙ্গে আমাদের আলোচনা হয়েছে। বিশ্বাস রাখুন, যত দ্রুত সম্ভব ন্যায়বিচার সুনিশ্চিত করতে আমরা বদ্ধপরিকর। রাজ্যের মানুষকে জানাই, আমাদের তদন্ত সঠিক পথেই এগোচ্ছে। কলকাতা পুলিশ যথাসাধ্য দ্রুততায় চার্জশিট জমা করে ন্যায়বিচার নিশ্চিত করতে সর্বশক্তি প্রয়োগ করবে।

ন্যায়বিচার হবেই। দ্রুতই হবে। না হওয়া পর্যন্ত আমরা থামব না।

ভরসা রাখুন।

A few days ago, a young medical student was taken from our midst in tragic circumstances, the victim of a most heinous crime. In this hour of grief, our thoughts remain with her family and loved ones, and we also share the anger felt by the community at large. This is a pain no one should have to endure.

Our investigation of the crime is being conducted with utmost integrity, honesty, and transparency. Within just 24 hours, we apprehended one individual responsible for the act, and are working tirelessly to find out if anyone else was involved. We have been, and will continue to be, in close communication with the victim’s family, ensuring they are informed of every step we take.

However, it has come to our notice that several factually incorrect and unverified claims are being widely circulated on social media. We urge everyone not to share or believe any so-called ‘facts’ of the case, because they are nothing but unfounded rumors. Not only do they obstruct the investigation and cause even more distress to the bereaved family, but also hinder the course of justice. We are committed to ensuring a thorough investigation, and the rampant spread of misinformation will only make our job more difficult.

To the students who are seeking justice, we hear you, and we share your pain. We are in active dialogue with you and are fully dedicated to ensuring swift justice. We assure the public that our investigation is proceeding in the right direction, and we will do whatever it takes to file an early charge sheet and ensure a speedy trial.

Justice will be served, and we will not rest until it is done.",Eligible,"['আমরা তো ভরসা করতেই চাই কিন্তু শেষ পর্যন্ত  দেখা যাক কি হয়', 'যত দ্রুত সম্ভব আপনারা ন্যায়বিচার সুনিশ্চিত করতে বদ্ধ পরিকর নন! \nCase close করতে বদ্ধপরিকর। যত তাড়াতাড়ি যেই ছেলেটিকে scapegoat বানানো হয়েছে তাকে execute করে দেওয়া যায়, ততই আপনাদের মঙ্গল। ঠিক কোন দিক থেকে চাপ আসার ফলে আপনাদের এমন করতে হচ্ছে তা জনগণের কাছে পরিষ্কার হওয়া দরকার। প্রথম থেকে আত্মহত্যা বলে চালানো, তারপর কাউকে একটা ধরে আসামী বানানো, খুব খারাপ গল্প হচ্ছে এটা! সবাই বুঝছে। এভাবে হবেনা, সত্যি সামনে আনতেই হবে।', 'পুলিশ বডি দেখে বুঝতে পারে না আত্মহত্যা না হত্যা?? কোন জাতের পুলিশ আপনারা??', 'These dramatic posts are only to defend and show the general public that investigating officers are trying their best and blaa blaa.. wherein reality is to safeguard the high profile culprits those who are involved in this case.. everyone knows power and money can buy everything but for once as a responsible citizen please standup to serve justice to our sister and stop the game of scapegoating one person.. as every person still trying to keep their faith on the law system 🙏', 'সরকার এর চাকরগিরি করতে করতে নিজেদের মনুষ্যত্ব হারিয়ে গেছে আপনাদের। দয়া করে এই আলগা নাটক করবেন না আর। সাধারণ মানুষের আর কোনো কিছু বুঝতে বাকি নেই, এবার নিজেদের ন্যায় নিজেদের হাতেই তুলে নেবো সবাই। আপনারা যে আপনাদের কাজ করতে অক্ষম সেটা আপনারা বার বার প্রমাণ করে দিয়েছেন ।', 'পুলিসের সততার প্রতি বিশ্বাস তখনই থাকবে যখন পুলিশ সত্যিকারের আসামিদের ধরবে । জনগণ কে বোকা বানানোর চেষ্টা না করে বড়ো মাথাগুলোকে ধরুন । আপনাদের প্রতি ভরসা ধীরে ধীরে বিলুপ্ত হতে চলেছে ।', 'Sir Bhorsha amra kortei chai... Police jodi bhorsha r daam rakhto , tahole desher ei obostha hoto na... 🙏', 'কষ্টটা কোনোদিন কমবেনা কিন্তু দোষী যারা প্রমাণিত হবে তাদের ""ভয়ংকর"" কোনো শাস্তি দেওয়া হোক এই অনুরোধটা রাখলাম.. (Emphasis on ""ভয়ংকর"", NOT just ""কঠোর"").. আশা রাখি আপনারা দৃষ্টান্ত সৃষ্টি করবেন এবারে।', 'তদন্তে স্বচ্ছতা রাখুন সেটুকুই কাম্য। অপরাধীর দৃষ্টান্তমূলক শাস্তি প্র\u200dয়োজন। তা  না হলে এই ধরনের ঘটনা একদিন  বুমেরাং হয়ে আপনাদের, আমাদের যে কোন মানুষের পরিবারের সাথে আগামীতে আবার ঘটবে।', 'Justice for her Kolkata Police 🙏🏻', 'নেটিজেনদের কাছে যে আর্জি জানিয়েছেন, তা খুবই ঠিকঠাক।\nকিন্তু কী বলুন তো, আপনাদের ফেসবুক পোস্টগুলো যতটা সুলিখিত (কেন এতটা সুলিখিত, তা আমরা জানি), আপনাদের তদন্তপ্রক্রিয়া ততটাই সন্দেহজনক। মানুষের বিশ্বাস আপনারা বারবার ভেঙেছেন, তাই স্বচ্ছতার বিমূর্ত স্বপ্ন খাড়া করে আর লাভ নেই।\nতবু, আমরা গণতান্ত্রিক দেশের নাগরিক বলেই, এই ব্যবস্থার ওপর ভরসা রাখছি। কতদিন পারব, তার গ্যারান্টি দিতে পারছি না।', 'আপনারা সাধারণ মানুষকে অসত্য অনুমান নির্ভর খবর ছড়াতে বারণ করেছেন। আর নিজেরা কী করেছেন। ধর্ষণ ও খুনের ঘটনা কে আত্মহত্যা বলে চালাতে চেয়েছেন। আপনাদের কে শাস্তি দেবে। বোনটি যদি সঠিক বিচার পায় (জানিনা তার সম্ভাবনা কতটা) তাহলে ওই সাধারণ মানুষগুলির প্রতিবাদের জন্যই পাবে।\nপুলিশ হলে কী মানুষ হওয়া বারণ।😥', 'ভরসা রাখতেই আমরা চেয়েছিলাম। বিশ্বাস করুন, এখনও চাই। একটি শহরের নাগরিকরা যখন পুলিশ-প্রশাসনের ওপর ভরসা রাখতে অসমর্থ হয়, আশঙ্কা করে যে ন্যায়বিচার মিলবে না--- সে যে কত বড় অসহায়তা, তা একমাত্র ভুক্তভোগীরাই বুঝবে।\nএখন ফরেনসিক সায়েন্স কতটা সাহায্য করতে পারে এইসব ক্ষেত্রে, আমরা সাধারণ শিক্ষিত মানুষরাও অনেকেই জানি। মেয়েটির ইনকোয়েস্ট রিপোর্ট-ও আমরা দেখেছি।\nআমরা জানি যে চাইলেই আপনারা সঠিক অপরাধীদের (সচেতনভাবে বহুবচন ব্যবহার করলাম) গ্রেপ্তার করতে পারেন। সেটা করুন প্লিজ। নয়ত এরকম নৃশংস খুনিরা আপনাদের পরিবারের মহিলাদের পাশেও ঘুরে বেড়াতে থাকবে। স্বস্তিতে থাকবেন তো তখন? আপনারা?', 'যাকে ধরেছেন সে তো আপনাদেরই একজন। যেভাবে এই এত বড় লেখাটা লিখেছেন সেভাবেই ওই লোকটা কার সমর্থনে পুলিশের বাইক নিয়ে ঘুরতো, পুলিশ ব্যারাকে থাকতো সেটা লিখুন দেখি। তাহলে বুঝবো এখনও স্বচ্ছ আপনারা।\nভালোভাবেই জানেন যে এত নৃশংসতা ওই ল্যাকপ্যাকে সঞ্জয়ের দ্বারা সম্ভব নয়। সঙ্গে যে বা যারা ছিলো তারা যতই প্রভাবশালী নেতার বাড়ির ছেলে হোক তাকে ধরে দেখান তো?\nবিশ্বাস নিজেরাই নষ্ট করেছেন আবার সেটা নিয়ে লম্বা লেকচার মেরে কাজ নেই।\nডাক্তাররা যেমন শপথ নেয় তেমনি আপনাদেরও নিতে হয়। সেই শপথ তো গুলে খেয়ে নিয়েছেন আপনাদের সবার ওপরে যিনি আছেন তার কথায়, একবার তো সামনে আসুন স্বমহিমায় তবে বুঝবো যে এখনও সততা হারিয়ে যায়নি।', 'একটা ফেক আসামি ধরে তাকে নিয়ে ভেবেছিলেন আমাদের ব্যস্ত করবেন আর সেই সুযোগে আসল অপরাধীরা পালাবে। এসব পুরোনো স্ক্রিপ্ট। জনতা এই সিনেমা আর দেখবে না।', 'গুজব কিছুই না,মর্মান্তিক  মৃত্যু কে আত্মহত্যা বলে চালাচ্ছেন আবার বড় বড় কথা বলতে এসেছেন ,পোস্ট করছেন ,কি তদন্ত হচ্ছে একজন কে ধরে কাকে আড়াল করছেন? আপনারা কত সৎ জানা আছে ।\nকি করে একজন সিভিক পুলিশ এর বাইক ব্যবহার করে তখন কোথায় ছিলেন ।\nবিশ্বাস করুন বিশ্বাস রাখতে চাই কিন্তু পারছি না আপনারাই এই সিভিক দের তোল্লাই  দেন তার ফল স্বরূপ মাবাবার কোল খালি হয়।\nঘরবাড়ি না  বানিয়ে প্রকৃত দোষী কে খুঁজে বার করুন উপযুক্ত শাস্তির ব্যবস্থা করুন।', 'দলদাস। যা বলে দিচ্ছেন তাই করছেন। আর আমাদের বোকা বানাচ্ছেন!\nএকটু বিবেক জাগ্রত হোক!!', 'এইটুকু সময়ে (৪০ মিনিট) প্রায় ৭০০ লোক আপনাদের ভরসাযোগ্যতা নিয়ে প্রশ্ন তুলেছে.\nমানে প্রতি মিনিটে প্রায় ১৮ জন লোক মনে করে যে আপনারা ঠিকমতো কাজ করেননা বা করছেননা.\nনেটিজেনদের নিয়ে প্রশ্ন তোলেন অথচ এটা কি বোঝেননা যে আজকের দুনিয়াতে বহু সত্যি ঘটনা মানুষের কাছে দ্রুত পৌঁছায় এবং সেটাও অস্বীকার করার জায়গা নেই.\nসমাজের গুরুত্বপূর্ণ স্তম্ভ হিসেবে মানুষের কাছে নিজেদের গ্রহণযোগ্যতা এই স্তরে নেমে গেছে যখন সেগুলো নিয়ে আত্মসমীক্ষা করুন.\nআপনাদের এই পোস্ট মানুষের ক্ষোভ প্রশমিত করবেনা উল্টে মানুষের সন্দেহ, যা শোনা যাচ্ছে, পড়তে পাওয়া যাচ্ছে সেই ব্যাপারে মানুষের বিশ্বাস আরো দৃঢ় করবে.', 'আপনারা যে কত সৎ আর সততার প্রতীক আমরা সাধারণ মানুষরা খুব ভালো বুঝি,..... \nআপনারা যদি 1% ভালো কাজ করেন আমরা প্রশংসা করি... 99% খারাপ কাজ করলে তার দায় তো আপনাদেরকেই নিতে হবে তাইনা?\nবিভ্রান্ত আমরা করছিনা... বিভ্রান্ত আপনারা করেছেন...', 'রাজ্যের মানুষ পুলিশের উপর ভরসা কি করে রাখবে বলুন? \nকেনো প্রথমেই ঘটনাকে আত্মহত্যা বলে চালাতে চাইলেন? কার নির্দেশে? কাকে বাঁচাতে?? \nমেয়েটির মা বাবার অনুপস্থিতি তে মেয়েটির বডি পুলিশ কি করে নিয়ে গেলো? কে হ্যান্ডওভার নিলো?? \n\nএই page এ মানবিক post করেই আপনারা মানবিক হতে পারবেন না। ধিক্কার জানাই।', 'প্রতিবাদ ঠেকাতে আর ডাক্তার পেটাতে পুলিশ সক্রিয় হয়, আর অপরাধী দের আড়াল করে। ছিঃ ছিঃ ছিঃ ছিঃ!', 'কলকাতা পুলিশের ভূমিকা অত্যন্ত ন্যাক্কার জনক,  প্রতিবাদী মেয়েদের চুলের মুঠি ধরে টেনে হিচঁড়ে সরানো হয়েছে।  \nএকজন অধ্যক্ষ বলেন রাতে মেয়েটির বাইরে যাওয়া উচিত হয়নি,  একজন পুলিশ আত্মহত্যা বলেছেন, একজন টাকা দেওয়ার কথা বলেছেন...  এদের ধরেছেন??? এরা সকলে এই ঘটনার সাথে জড়িত। \nআর যে প্রভাবশালীর পুত্রদের নাম উঠে আসছে তারা কোথায়, তারা নাকি বেপাত্তা সব?\n\nএকজন প্যাংলা রোগা লোক একাধিকবার রেপ করে একাধিক টাইপ সিমেন রেখে গেছে??  একা হাতে কলার বোন ভাঙা সহ আরো আঘাত করে গেছে??  তারপর তার গায়ে আঁচড় নেই কিছু নেই, তার হেড ফোনের তার ছিড়ে ফেলে গেছে??\n\nএই ব্যাপারগুলো সাধারন মানুষ বুঝতে পারছে আর আপনাদের গোয়েন্দারা খুঁজে পাচ্ছেন না?? \nএই বিষয় ধামাচাপা দেওয়ার চেষ্টা হচ্ছে কেন?\n\nআপনারা ভরসাযোগ্য নন।', 'আপনারা এক সঞ্জয় কে নিয়ে পড়ে আছেন, নিজেরাই আসল নকল এক করে ফেলেছেন, আবার আস্থা রাখার কথা বলছেন!? একা সঞ্জয় সব করে ফেললো??? কি যে বলি, তথ্য লোপাট করে, আত্মহত্যা বলে চালাতে পারলেই তো আপনাদের ভালো হতো, তাই না? গুল তাপ্তি না দিয়ে, আসল রাক্ষস গুলোকে সামনে এনে এনকাউন্টার করুন, নাটকীয় তদন্ত না করে।।', 'পুলিশ যেখানে চুলের মুঠি ধরে, টেনে হিঁচড়ে অত্যাচার করলো। সেখানে কিভাবে ভরসা করবো? আপনাদের কার্যকলাপই সাধারণ মানুষের মনে সন্দেহ তৈরি করেছে ....', 'ফেসবুকে সুললিত গদ্য পোস্ট করে আপনাদের বিশ্বাসযোগ্যতা ভিক্ষা করতে হচ্ছে! ভাবুন তাহলে ডিপার্টমেন্টের অবস্থা। আর নেটিজেনদের যুক্তিপূর্ণ ক্ষুরধার মন্তব্যগুলোও নিশ্চই চাক্ষুষ করছেন এখানে। কোনো ছেলে ভুলোনো গল্প সাজালে যে তা ধোপে টিকবে না, আশা করি সেটা উপলব্ধি করছেন ভালোই। বাড়ির পাশের সাম্প্রতিকতম ঘটনার প্রভাবে মানুষের মধ্যে এখন ভরপুর কনফিডেন্স, যেহেতু দেয়ালে পিঠ ঠেকে যাওয়া মানুষের সমবেত প্রতিবাদ-আন্দোলনই ছিনিয়ে নিতে পারে শাসকের কুর্সি ফের তা প্রমাণিত। সুতরাং, মানবিক হয়ে আইনি পথে স্বচ্ছতার সঙ্গে তদন্ত প্রক্রিয়া চালান; তাহলে আর ফেসবুকে আপনাদের গদ্য নামাতে হবে না, নেটিজেনরাই আপনাদের প্রশস্তিসূচক দারুণ দারুণ সব লেখা উপহার দেবে। তখন লাভ রিয়্যাক্ট দিতে দিতে মাটন বিরিয়ানি খাবেন।', 'আপনারা অভিযোগ যখন উঠছে ,সেই দিকটি বার বার এড়িয়ে যাচ্ছেন কেন? আপনারা দেখুন অভিযোগগুলো,chat গুলো?আপনাদের কেন মনে হচ্ছে একটা মাতাল একাই একটা মেয়ের পেলভিসের bone ভাঙতে পারে,ওই নৃশংস ব্যবহার করতে পারে? আমি এই শহরের নিরপেক্ষ সাংবাদিক হিসেবে আবেদন করছি, আপনাদেরও বাড়িতে মেয়ে  সন্তান আছে। আমাদের মেয়ে সন্তানদের, আমাদের নিরাপত্তা দিন নিরপেক্ষ ভাবে।', 'একটা কথা নিশ্চই কমেন্ট বক্সে পরিষ্কার যে মানুষ আপনাদের পারফরমেন্স এ সন্তুষ্ট নয়। আপনারা ভরসা পাবার জায়গায় নেই। এমন কিছু করুন যাতে ভরসাটা ফেরে, শুধু ফেসবুক পোষ্ট, পরীক্ষার্থী কে সময়ে পরীক্ষাহলে পৌঁছে দেওয়া বা হারানো ফোন উদ্ধার করে প্রোপাগান্ডার বাইরেও আপনাদের দায়িত্ব সাধারন মানুষের সার্বিক সুরক্ষা সুনিশ্চিত করা। সেটায় ব্যর্থ আপনারা, আপনাদের দেখে মানুষ ভরসার থেকে ভয় পায় বেশী, এই হয়তো ঝুটো কোন কেস এ ফাঁসিয়ে দিলেন। এদিকে যারা সত্যি অপরাধী তারা বহাল তবিয়তে রাজনৈতিক ছত্রছায়ায় ঘুরে বেড়াচ্ছে। আয়নায় দিকে দেখেন কিভাবে?? বাড়িতে নিজের বাবা মা, স্ত্রী বা সন্তানের চোখের দিকে তাকিয়ে বিবেক দংশন হয় না যে কী করছি? কেন করছি?', 'নিশ্চয়, আমরা কলকাতাবাসী আপনাদের উপর ছাড়া আর কাদের উপর ভরসা রাখবো। একটা অনুরোধ, আজকে সিভিক সঞ্জয় রাইকে আমরা এই নক্কারজনক ঘটনার জন্য চিনতে পারলাম। এরকম অনেক সঞ্জয় রাই আপনাদের সিভিকে যে লুকিয়ে আছে তা তাদের আচার আচরণ, শরীরি ভাষায়, মুখের ভাষায় বুঝতে পারা যায়। এগুলোর দিকে একটু নজর দিন, সিভিক নিয়োগের আগে একটু তথ্যতলাস করুণ। কোন তথ্য ছাড়া,ট্রেনিং ছাড়াই কিছু ফচকেকে নামিয়ে দেওয়া হচ্ছে আইনকানুন সামলাতে। আইন সামলানোর বদলে তাদের কেউ কেউ আইন হাতে তুলে নিচ্ছে। এভাবে কতদিন চলবে!!!!আশাকরি ক্ষোভের আঁচটা অনুভব করছেন। এগুলো না সংশোধন করলে ধমক চমকে কিন্তু কাজ হবে না আগামীতে।', 'ভূতের মুখে রামনাম???? সব কটা নীলসাদার তলায় চাপা পরা স্পাইনলেস মাল আবার ন্যায় বিচারের বুলি আওড়ায়?? যাদবপুরের কোন কি বিচার হয়েছে?? তোরা মিম বানা তোদের দৌড় ওই ওবধিই আবার সাফাই গায়তে এসেছে নবান্নর নির্দেশে যা গিয়ে ধুকে থাক ওখানে উর্দিপরা ছোটলোক', 'আপনাদের অনেক ক্ষমতা। নিজের ক্ষমতার পরিচয় দিন। সরকারের দলদাসে আর পরিনত হবেন না।', 'একটা বুদ্ধি দেই, আপনাদের এই অতি সিরিয়াস পোস্ট টা জনতা হাঁসাহাঁসি করেই উড়িয়ে দিচ্ছে তার থেকে বাঁচতে। ধর্ষণ করে খুন করা, আঘাতে জর্জরিত মৃত দেহ দেখে আপনাদের যে অকর্মণ্য পুলিশ অফিসাররা আত্মহত্যা ভেবেছিল সেই অযোগ্যদের মাস মাইনে দিয়ে রাখার থেকে কয়েকটা কয়েকটা মুরগি পুশুন মুরগি অন্তত ডিম দেবে 🙂 সেই ডিম নিজেরাও খেতে পারবেন , আন্দোলনের সময় জনতার মাঝেও বিলোলে জনতার থ্যাঙানি থেকে একটু বেঁচে যেতে পারেন।', 'রাজনৈতিক চাপমুক্ত হতে পারবেন তো আপনারা? সেটা আগে ঠিক করুন। রাজনৈতিক চাপমুক্ত হলেই নিজের অবনতি। সেটা আপনারা আগে বলুন মেনে নেবেন। মনে রাখবেন আপনাদের পরিবার ও কিন্তু অসুরক্ষিত। আপনাদের বাড়ির মেয়ে বোনেরা রাজনৈতিক মদতপুষ্ট লোকের হাতে নিগৃহীত হলে আপনি ও সঠিক বিচার পাবেন না। তাই আগে সাধারণ নাগরিক হয়ে বিষয় টির গুরুত্ব বুঝুন। আমরা আস্থা রাখছি আপনাদের উপর।🙏🏻', 'মানুষ বার বার হতাশ হয়েছে তাই ভরসা রাখতে পারছে না। আপনারা সব কিছু স্বচ্ছতার সাথে সামনে আনুন। কোনো background check না করে যাকে তাকে সিভিক ভলেন্টিয়ার হিসাবে নিয়োগ বন্ধ করুন।', 'দয়া করে চুনোপুটি কে শাস্তি দিয়ে বিশ্বাস ভরসার কথা বলবেন না 🙏🏻 ডাক্তারি পড়তে কিন্তু সাধারণ ঘরের মেয়েরা খুব কম যায়, মোটামুটি উচ্চবিত্ত মধ্যবিত্ত ই যায়.. এতো দিন শুধু শুনে গেছেন এই মর্মান্তিক ঘটনা গুলো ঘটেছে, এখন আপনার দরজায় ও করা নাড়ছে, খুব সাবধান.. পারলে বিশ্বাস ভরসা ফিরিয়ে আনার মতো কাজ করুন.. আসে পাশের দেশ গুলোতে দেখুন ছাত্র ছাত্রী যদি একবার ক্ষেপে যায় তাহলে পরিণতি কতো ভয়াবহ হতে পারে। \n\nসর্বোপরি, খোদ কলকাতার বুকে এই ঘটনায় আপনাদের লজ্জা পাওয়া উচিত, লজ্জা পান আর লজ্জা ঘোচানোর কাজ করুন.. সাধারণ মানুষ যাতে পুলিশ দেখলে চামচা না বলে সেই ব্যবস্থা করুন , অবশ্যই যদি পারেন নইলে গর্ভে থাকতেই পরীক্ষা করে দেখে মেয়ে সন্তান হলে গর্ভেই মেরে ফেলার অনুমতি দিন , একটা মেয়ের বাবা মা মানে সারা টা জীবন ভয়ে আতঙ্কে দিন যাপনের থেকে তো এটা অনেক সহজ মনে হয়..', 'নেটিজেনদের দোষারোপ না করে, কখনো কখনো নিজেদের দোষ গুলো ও দেখুন। এতোই যদি ন্যায়, সততা নিয়ে কাজ করতেন তাহলে প্রথম দিনই বিভ্রান্তিমূলক statement কেনো দিয়েছিলেন? কোথায় ছিল তখন আপনাদের আন্তরিক সততা, আর স্বচ্ছতা? সোশ্যাল মিডিয়ায় বিশেষ করে facebook এ এসে আর কাজের নমুনা দেখাতে হবে না। একটা case এ অন্তত ঠিক ঠাক দোষী কে identify করুন।', 'atyahotya bole chalate cheyechilen kar nirdeshe????\n\nAj place of occurance bhenge felar chesta holo kar swarthe....\n\nmeyeti kon racket er katha jene felechilo!!!\n\nEi ghotonae je civic volunteer eka yukto noe seta sobai bujhte parche...\n\nei rajye samosto kharap kaj hoe police er nirdeshe....\n\nami sudhu bhabi police officer ra barite chele meyer kache mukh dekhan ki kore?\n\nabar takar top/ ghush  dite gechilen??', 'ভরসা? \nযিনি আত্মহত্যা বললেন,তার বিরুদ্ধে ব্যবস্থা হয়েছে?\nখবরে প্রকাশ  কেউ নাকি অর্থ দিতে চেয়েছিলেন মৃ তার পরিবারকে..\nহেডফোন এলো ২৪ ঘন্টার পর..\nনিজেরা আগে স্বচ্ছতা আনুন।\nপুলিশ..ডাক্তার সক্কলেই ত মানুষের ই রক্ষক।', 'Apnader Kichui korar nei \nKathputul hoye gechen \nKeno mithey ashash dichen !!!!???', 'সস্তার স্ক্রিপ্ট লিখে এখন ফেসবুকে safe side খেলতে এসেছে। আসল দোষীকে ধরুন আপনারা তাহলে বুঝবো। এই কাজ একজনের নয়। এত মানুষ এর ভাবনা মিথ্যে নয় , পাবলিককে এত বোকা ভাববেন না ।', 'Pashe achen?? Shotti e achen?? Kolkata Police?? Apnader barite chele meye  nei. Tadrr sathe erokom hole apnara parten erokom ekta script toiri korte? For once,nijer bibeker kache prosno korun. Ki hobe? Shotti ta udghaton korle? Transfer hoben, suspend hoben kintu beche to thakben, keu pran e to mere debena. Ekotro hon apnara, bhebe dekhun aj oi meyetar jaygay apnar shontan o thakte parto.', 'ভরসা রাখলাম। ভাঙবেন না।', 'একবার অন্তত প্রমাণ করুন আপনাদের ভরসা করা যায়', 'Ami bujhtei parchi na ei post-er kichu comments gulo teo ""haha"" react porche keno. Ashchorjo manusjon mairi.', 'বাড়ি ফিরে নিজের ছেলে মেয়ের সামনে দাঁড়াতে পারেন??', 'এটাকেই কি কুমীরের কান্না বলে??\nসাধারণ মানুষ বিভ্রান্তি ছড়াচ্ছে না, আসল তথ্য তুলে ধরছে। যেটা আপনাদের অসস্তির কারন হয়ে যাচ্ছে', 'সততা, আন্তরিকতা, স্বচ্ছতা এই শব্দগুলির অর্থ পুনপ্রতিষ্ঠিত করুন, তবেই মানুষ আপনাদের বিশ্বাস করবে!', 'আপনাদের কর্মকান্ড দেখে ভরসা রাখতে পারছি না।। আপনাদের কার্যকলাপ মানুষের মনে সন্দেহ তৈরি করছে।।। যে তৎপরতা দরকার ছিলো তা কিন্তু দেখতে পাইনি।।। নিজেদের নামের প্রতি সুবিচার করুন।।। আরো অনেকে এই ঘটনার সাথে জড়িত তাদের দ্রুত চিন্থিত করুন ও শাস্তির ব্যাবস্থা করুন।।।৯ই আগস্ট শবদেহ গাড়ি তড়িঘড়ি নিয়ে যাওয়ার সময় পিষে মেরে দিতে চেয়েছিলেন যারা ওই সময় শেষ শ্রদ্ধা জানাতে দাঁড়িয়েছিলেন।। শবদেহ তড়িঘড়ি পুড়িয়ে দিলেন কেন? কাদের বাঁচানোর স্বার্থে?', ""আপনাদের উপর ভরসা রাখতে কেন সবাই অক্ষম, সে তো আপনারা নিশ্চয়ই বুঝতে পারছেন।\n\nযিনি 'আত্মহত্যা' বলে দাগিয়ে দিয়েছেন, তাঁকে অপসারণ করুন। \nযিনি 'রাতে একা থাকা ইরেস্পন্সিবল'  বলেছেন তাঁর বিরুদ্ধে অবমাননার অভিযোগে ব্যবস্থা নিন। \nযারা গাড়ি ভেঙেছেন, তাঁদের বিরুদ্ধে ব্যবস্থা নিন। \n\nআপনারা নিরপেক্ষ হলে, সাধারণ মানুষ কেন ভরসা রাখবেন না!"", 'ন্যায় বিচার তো করতেই হবে স্যার!  অপরাধীকে রুখতে যখন পারলেন না,  তাঁকে বা তাঁদের শাস্তির তো ব্যবস্থা করবেনই!  এটুকু আমরা ডিজার্ভ করি, আমাদের অধিকার ন্যায় বিচার পাওয়া! \n\nরইল বিভ্রান্তির কথা,  সবার প্রথম কে খবর দিয়েছিল যে এটা "" আত্মহত্যা ""??  বিভ্রান্তি তো সেই তরফে ছড়ানো হয়েছে।', 'ভরসা রাখার মত কাজ করলে আর ভরসা রাখুন বলে পোস্ট করতে হত না।']"
https://www.facebook.com/kolkatapoliceforce/posts/pfbid02xok1FoDvJy7wh9SPJwJnyAKqyskcqDxWq4BEUzfrpuHagfUtRsBBe7zZmkp5FV64l,"অতিথি আপ্যায়ন

ঘটনা ৪ আগস্টের। অ্যাপ ক্যাবে চড়েন ইতালীয় নাগরি গাইয়া পুনজো (Gaia Punzo), কলকাতার একটি এনজিও-তে কর্মরত। গাড়ি থেকে নামার সময় ফেলে যান তাঁর হাতে থাকা মানিব্যাগ, যাতে ছিল তাঁর জাতীয় পরিচয়পত্র, ক্রেডিট কার্ড, ফ্ল্যাটের চাবি, কিছু নগদ টাকা, এবং গুরুত্বপূর্ণ কাগজপত্র।

সৌভাগ্যবশত, গাইয়ার পরে সেই ক্যাবে চড়েন যিনি, সেই যাত্রী খুঁজে পান মানিব্যাগটি, এবং সেটি তুলে দেন চারু মার্কেট থানার সার্জেন্ট অর্পণ আদিত্যের হাতে। এবং ব্যাগের মালিকের সঙ্গে যোগাযোগ স্থাপন করতে ৫ আগস্ট সন্ধ্যায় অর্পণ সহায়তা চান আমাদের সাউথ ডিভিশনের সাইবার শাখার ওসি সার্জেন্ট শুভঙ্কর চক্রবর্তীর কাছে।

সময় নষ্ট না করে অ্যাপ ক্যাব কর্তৃপক্ষের সঙ্গে যোগাযোগ করেন শুভঙ্কর, এবং প্রশাসনিক ও দূতাবাসের স্তরে গাইয়ার সঙ্গে যোগাযোগের উপায় বের করার জন্য দ্রুত প্রচেষ্টা শুরু করেন। এবং এই ক্রমাগত যোগাযোগের ফলে অবশেষে গাইয়াকে শনাক্ত করেন তিনি।

গাইয়াকে বলা হয় সাইবার শাখার অফিসে আসতে, যেখানে তাঁকে সমস্ত মূল্যবান নথি এবং আইডি কার্ড সমেত ব্যাগ ফিরিয়ে দেওয়া হয়। অপ্রত্যাশিত ভাবে হারানো ব্যাগ ফিরে পেয়ে আনন্দে অভিভূত গাইয়া। বলা বাহুল্য, তাঁর কাজের জন্য প্রভূত প্রশংসা অর্জন করেছেন শুভঙ্কর।

Anything for a Guest

On August 4, Gaia Punzo, an Italian national working for an NGO in Kolkata, left her handheld wallet behind in an Uber cab. The wallet contained her national ID card, credit card, flat key, some cash, and a few important documents.

Fortunately, an alert rider who boarded the cab after Gaia found the wallet and handed it over to Sergeant Arpan Aditya of Charu Market Police Station. On the evening of August 5, Sgt Aditya sought assistance from Sgt Suvankar Chakraborty, OC Cyber Cell, South Division.

Wasting no time, Sgt Chakraborty contacted Uber authorities and worked quickly to find contact details for Gaia at the administrative and embassy levels. Thanks to persistent efforts and back-and-forth communication, they finally identified Gaia.

She was asked to visit the cyber cell, where she was handed her pouch containing all valued documents and ID card. She was overjoyed and couldn’t believe she had her belongings back so unexpectedly. Needless to add, his actions have earned Sgt. Chakraborty much appreciation.",Eligible,"['🙏🥇🥇🌟🌟🇮🇳🇮🇳RESPECTED SIR 🇮🇳🇮🇳🥇🥇🌟🌟🇮🇳🇮🇳KOLKATA POLICE OFFICERS SALUTE JAI HIND BEST WISHES GURU JI GOD BLESS SIR🇮🇳🇮🇳🥇🥇🌟🙏', 'This proud our country great and make a good impression infron of the world.❤️❤️❤️', 'Good job Sir ji', 'Great job done', 'Salute 🙏', 'Salutes to you and your team 🙏 \nFeeling very proud', 'Great job', 'Great efforts but গাইয়ার পরে যে যাত্রী ওই সমস্ত জিনিস প্রথম নজর করেন এবং পেয়ে থানায় জমা দেন তারও একটা ছবি দিলে আরো বেশি ভালো লাগতো 🙏', ""As Gaia's dad I'd like to thank Indian people\nThis story is an example. When people ask me if I am afraid that my daughter is staying in Kolkata for one year, I simply say no, cause I' Ve been to India and know about the ethic and dignity of the Indian people\n Love"", 'Good job', 'Just awesome!! Well done KP!! Salute to the officer’s!!', 'Great work 🙏🙏', 'যে যাত্রী ওই ব্যাগ টা তুলে দিয়েছেন পুলিশের হাতে, আসল কৃতিত্ব তাঁর প্রাপ্য।', 'Welldone🥰', 'খুব ভালো, যে যাত্রী তার সময় নষ্ট করে থানায় গিয়ে ব্যাগ তুলে দেয় পুলিশের কাছে, তাকেও অনেক ধন্যবাদ।', 'Thanks to Kolkata Police\nAtithi Devo Bhava 🙏🏻', 'Really i have also got immense support from Kolkata Police', 'দ্বিতীয় যাত্রী খুব ভালো কাজ করেছেন। দেশের সুনাম রক্ষা হলো। জয়তু ভারতবর্ষ।', 'Good job. But j passenger ferot dilen tar photo ta dewa uchit chilo.', 'Well done. Kolkata police is thorough professional  and thanks to the gentleman as well for being a good samaritan.', 'GUD WORK OUR KOLKATA POLICE 👮. BRAVO BRAVO', 'Nijeder kharap kaj gulor jonno jodi bhul shikar koren tahole khub bhalo lagto.', 'Well Done, Keep it up Sir ❤️', 'Great job 👏', 'Great job !!', 'I love Kolkata police', 'Gd job', 'যে যাত্রীটি পার্সটি পেয়ে থানায় জমা দিয়েছিলেন তাঁর নামটিও তো উল্লেখ করতে পারতেন !!! 🌹🙏🌹', 'Great work Suvankar....\nKeep it up 👏👏❤️❤️', 'Great job Kolkata police', 'Great work Cyber Police, Kolkata.  Johar Banerjee (my individual profile) has applied for a cyber volunteer, more than a year ago,  but my Police verification(madhyamgram PS) is due since then. Can someone look into this? or I have to raise a complaint. Kindly advise.', 'Jini bag to police station a ferot den unni ""CREDIT DESERVE"" kore .. police to police er kaj ta koreche....... credit Jodi detai hoy to oi manush tu k din...', 'Kudos to the next alert rider not the seargent #kolkatatrafficpolice.. dont rake fake appreciation', 'Credit goes to un named second person', 'The one who actually should have been thanked or atleast even mentioned here  was the passenger who found the lost items and not the cops who are self glorifying themselves for no rhyme or reason.Sad.', 'no credit to the person who found and handed over to police!', 'Police j kaj korchen seta aj kal onader ad die post die bojhate hoye. Sotti. 🙌🏻🙌🏻🙏🏻🙏🏻', 'ব্যক্তিগত আপত্তি জানিয়ে থেকে না থাকলে সেই সহৃদয় যাত্রীটির নামও প্রকাশ করা হোক।', 'What about the person who handed over to KP?Great job by KP', 'Kudos to all men and women in uniform of #KolkataPolice Kolkata Police specially to Sgt Suvankar Chakraborty, OC Cyber Cell, South Division.', 'Great job done KP. 👍', 'Great job👍', 'Great job 👍', 'All the best 💐💐', 'Great job!👍', 'Great work', 'Great jobs Sir', 'Congratulations 🎉👏🎉', 'Well done 💯', 'Really good job sir.🙏']"
https://www.facebook.com/kolkatapoliceforce/posts/pfbid02RSjphPzqE7cRjH2BdrvZFSaKqhtZmx48RWWUqzdv2Pu2bedgkuThwAY5DJRC7xQsl,#NeerajChopra #OlympicGamesParis2024 #silvermedal #javelinthrow,Not Eligible,[]
https://www.facebook.com/kolkatapoliceforce/posts/pfbid02YEDsWNfiJUzBnwVooXQmSCcvtYENrqtfiVCFrMBYdesNdSNVTEScQ7bq121Lg651l,#hockey #Bronze #parisolympics #Congratulations,Not Eligible,[]
https://www.facebook.com/kolkatapoliceforce/videos/2576860259163820/,"আজ কবিগুরু রবীন্দ্রনাথ ঠাকুরের ৮৩ তম প্রয়াণ দিবস উপলক্ষ্যে জোড়াসাঁকোর রথীন্দ্র মঞ্চে একটি অভিনব অনুষ্ঠানের আয়োজন করি আমরা, যেখানে রবীন্দ্রসঙ্গীত, আবৃত্তি, ও নাটক পরিবেশন করেন আমাদের সহকর্মীরাই। বিশ্বকবিকে শ্রদ্ধাঞ্জলি জ্ঞাপনের এই অনুষ্ঠানে উপস্থিত ছিলেন কলকাতার নগরপাল শ্রী বিনীত কুমার গোয়েল সহ উচ্চপদস্থ আধিকারিকরা। রইল অনুষ্ঠানের কিছু ঝলক।

Today, on the occasion of the 83rd death anniversary of Kabiguru Rabindranath Tagore, we hosted a unique celebration at Jorasanko's Rathindra Mancha, where Rabindra sangeet, recitations, and plays were performed by our very own colleagues. Among those present were Shri Vineet Kumar Goyal, Commissioner of Police, Kolkata, and other senior officers. Presenting a few glimpses of the event.",Not Eligible,[]
https://www.facebook.com/kolkatapoliceforce/posts/pfbid037FfAWxxtyZuuxx6AuQUQffohx9mPPA9LE1Q9QPUBtocdkorniUjZjiMyCgDLuZvXl,"#22Srabon 
আজ ২২শে শ্রাবণ",Not Eligible,[]
https://www.facebook.com/kolkatapoliceforce/posts/pfbid0eab9BCHh83gEg3mKxhr9iLqqTg9hQYFWtnyH9XR4eWPqKRRegLFvVLLqCa1NC3zXl,"'উৎসর্গ', কলকাতা পুলিশের স্বেচ্ছায় রক্তদানের উদ্যোগ। গত শনিবার ভবানীপুর থানা, রবীন্দ্র সরোবর থানা ও মেটিয়াব্রুজ ট্রাফিক গার্ডে রক্তদান শিবিরের আয়োজন করেছিল কলকাতা পুলিশের কমিউনিটি পুলিশিং উইং। ভবানীপুর থানার রক্তদান শিবিরে ৭৩ জন, রবীন্দ্র সরোবর থানার রক্তদান শিবিরে ৪৩ জন এবং মেটিয়াব্রুজ ট্রাফিক গার্ডের রক্তদান শিবিরে ৫৪ জন রক্তদাতা রক্তদান করেন। ভবানীপুর থানার রক্তদান কেন্দ্র পরিদর্শনে গিয়েছিলেন ডেপুটি কমিশনার অফ পুলিশ (সাউথ ডিভিশন) শ্রী প্রিয়ব্রত রায়, আইপিএস। রবীন্দ্র সরোবর থানার রক্তদান কেন্দ্র পরিদর্শনে গিয়েছিলেন ডেপুটি কমিশনার অফ পুলিশ (সাউথ ইস্ট ডিভিশন) ডঃ ভোলা নাথ পাণ্ডে, আইপিএস। সাক্ষাৎ করেন রক্তদাতাদের সঙ্গে এবং তাদের অনুপ্রাণিত করেন। রক্তের চাহিদা মেটাতে আমাদের এই প্রচেষ্টা অব্যাহত থাকবে।

'Utsarga', the voluntary blood donation initiative of Kolkata Police. Blood donation camp was organized last Saturday by the Community Policing Wing at Bhowanipur Police Station, Rabindra Sarobar Police Station and Metiabruz Traffic Guard. 73 blood donors donated blood at Bhowanipur Police Station camp, 43 blood donors donated blood at Rabindra Sarobar Police Station camp and 54 blood donors donated blood at Metiabruz Traffic Guard camp. Deputy Commissioner of Police (South Division) Shri Priyabrata Roy, IPS met the donors at Bhowanipur Police Station camp. Deputy Commissioner of Police (South East Division) Dr. Bhola Nath Pandey, IPS met the donors at Rabindra Sarobar Police Station camp. They encouraged & thanked the donors for their participation in this noble cause. Going forward such endeavours will continue to meet the increasing demand for blood.",Not Eligible,[]
https://www.facebook.com/kolkatapoliceforce/posts/pfbid0DioDPaH4nd7mq5Qrd8MmmMJPLTi6gBeJ4Gayc3DAYAuQ2FVNp19vuKViBAP3wyjCl,"প্রাণের খেলা

শ্রাবণ মহোৎসব ২০২৪ উপলক্ষ্যে আমাদের ডিজাস্টার ম্যানেজমেন্ট গ্রুপ (ডিএমজি) কর্মীদের আজ হুগলির বিভিন্ন ঘাটে মোতায়েন করা হয়েছিল কোনও অপ্রীতিকর ঘটনা এড়াতে, যেহেতু বছরের এই সময় তারকেশ্বরগামী অসংখ্য তীর্থযাত্রী গঙ্গাজল সংগ্রহ করতে হুগলির বিভিন্ন ঘাটে জড়ো হন।

সেই অনুযায়ী দুপুর থেকেই গোয়ালিয়র ঘাটে মোতায়েন ছিলেন ডিএমজি সেপাই মহঃ সাদ্দাম শেখ এবং সিভিক ভলান্টিয়ার রাজেশ হালদার। দুপুর দেড়টা নাগাদ সাদ্দাম লক্ষ্য করেন, জোয়ারের তোড়ে ভেসে যাচ্ছে এক কিশোর, যে সম্ভবত জল সংগ্রহ করতেই এসেছিল।

হাতে মাত্র কয়েক সেকেন্ড রয়েছে বুঝে এক মুহূর্তও নষ্ট না করে নদীতে ঝাঁপ দেন সাদ্দাম, এবং নিরাপদে তীরে নিয়ে আসেন ওই কিশোরকে। পরে তাকে তুলে দেওয়া হয় রিভার ট্রাফিক পুলিশ কর্মকর্তাদের হাতে। উত্তর ২৪ পরগণার হাবড়া থানা এলাকার বাসিন্দা বলে জানা গেছে সে, খবর দেওয়া হয়েছে তার পরিবারকে।

Life Above All

On the occasion of Sharavan Mahotsav 2024, our Disaster Management Group (DMG) personnel were deployed at different ghats of the Hooghly today to avoid any untoward incident, since a large number of pilgrims bound for Tarakeswar gather at the ghats to collect holy water.

Accordingly, DMG Sepoy Md Saddam Sheikh and civic volunteer Rajesh Halder were on duty at Gwalior Ghat since noon. At about 1.25 pm, Saddam noticed a youth who had probably come to collect water being swept away by the strong tide. 

Understanding that he had barely seconds to act, Saddam immediately jumped into the river and brought the youth safely to shore, later handing him over to River Traffic Police officials. The youth has been identified as a resident of the Habra PS area in North 24 Parganas. His family has been informed.",Eligible,"['এছাড়া উনি মানুষের আপদে বিপদে থাকে সব সময়', 'Jio bandhu', 'Well done good job 👍👍', 'Brave work.\nA big Salute & God bless Mr Saddam.\nYou not only saved the life of a pilgrim but you proved Humanity at its best.', 'Great job...keep it up.', 'Great work', 'মানুষ, মানুষের জন্য 👍🙏❤️', 'Valo 👍👍', 'সাব্বাস বন্ধু', 'Bravo', 'Commendable job \nCongratulations to entire team.   Keep it up.', 'We are proud of you kaka aii vabe eii manus er pase thako, Allah bless you and your family❤❤❤❤', 'Salute \U0001fae1', 'Great job 👍# Big salute to Mr.saddam Sheikh', 'Excellent job 👏🏻👏🏻', 'Good job salute 👏', 'Great work salute', 'well done good work 👍', '', 'Great job', 'Great jobs ❤️👍', 'Great job ❤️❤️❤️❤️', 'Great job .sir', 'Great job Sir', 'Great Job 👍👍', 'Great job 👏', 'Congratulations. 👏', 'Great job 👏', 'Great job', 'Good job', '👏👏👏', 'Great work!!\U0001fae1👏', 'Great job.', 'Great job', 'So proud 🙏🙏', 'Great work ❤️', 'Great job done 👍', 'Good job and congratulations also bro', 'Amader barir kache bari chele tar', 'Great Job', 'Great job', 'Great Job', 'Congratulations', 'Salute Sir🙏', 'Great Job', 'Good job brother 👏', 'Congratulations my childhood friend.... Best of luck.. ...', 'Great  Great Great.', 'Great job bro', 'Good job 👏']"
